timestamp,origin,destination,route_label,price,link,departure_at,days_until_departure
2026-07-07T10:24:39.651170+00:00,TAS,IST,Tashkent -> Istanbul,163,,,
2026-07-07T10:24:39.651170+00:00,TAS,DXB,Tashkent -> Dubai,140,,,
2026-07-07T10:24:39.651170+00:00,TAS,ICN,Tashkent -> Seoul,234,,,
2026-07-07T10:24:39.651170+00:00,TAS,BKK,Tashkent -> Bangkok,209,,,
2026-07-07T10:24:39.651170+00:00,SKD,MOW,Samarkand -> Moscow,76,,,
2026-07-07T10:24:39.651170+00:00,TAS,BCN,Tashkent -> Barcelona,232,,,
2026-07-07T10:24:39.651170+00:00,TAS,VCE,Tashkent -> Venice,200,,,
2026-07-07T10:24:39.651170+00:00,TAS,LON,Tashkent -> London,221,,,
2026-07-07T10:42:56.449566+00:00,TAS,IST,Tashkent -> Istanbul,163,,,
2026-07-07T10:42:56.449566+00:00,TAS,DXB,Tashkent -> Dubai,140,,,
2026-07-07T10:42:56.449566+00:00,TAS,ICN,Tashkent -> Seoul,234,,,
2026-07-07T10:42:56.449566+00:00,TAS,BKK,Tashkent -> Bangkok,209,,,
2026-07-07T10:42:56.449566+00:00,SKD,MOW,Samarkand -> Moscow,76,,,
2026-07-07T10:42:56.449566+00:00,TAS,BCN,Tashkent -> Barcelona,232,,,
2026-07-07T10:42:56.449566+00:00,TAS,VCE,Tashkent -> Venice,200,,,
2026-07-07T10:42:56.449566+00:00,TAS,LON,Tashkent -> London,221,,,
2026-07-08T08:15:47.640281+00:00,TAS,IST,Tashkent -> Istanbul,163,,,
2026-07-08T08:15:47.640281+00:00,TAS,DXB,Tashkent -> Dubai,124,,,
2026-07-08T08:15:47.640281+00:00,TAS,ICN,Tashkent -> Seoul,127,,,
2026-07-08T08:15:47.640281+00:00,TAS,BKK,Tashkent -> Bangkok,167,,,
2026-07-08T08:15:47.640281+00:00,SKD,MOW,Samarkand -> Moscow,76,,,
2026-07-08T08:15:47.640281+00:00,TAS,BCN,Tashkent -> Barcelona,199,,,
2026-07-08T08:15:47.640281+00:00,TAS,VCE,Tashkent -> Venice,200,,,
2026-07-08T08:15:47.640281+00:00,TAS,LON,Tashkent -> London,178,,,
2026-07-09T09:28:17.192929+00:00,TAS,IST,Tashkent -> Istanbul,163,,,
2026-07-09T09:28:17.192929+00:00,TAS,ICN,Tashkent -> Seoul,232,,,
2026-07-09T09:28:17.192929+00:00,TAS,BKK,Tashkent -> Bangkok,209,,,
2026-07-09T09:28:17.192929+00:00,SKD,MOW,Samarkand -> Moscow,76,,,
2026-07-09T09:28:17.192929+00:00,TAS,BCN,Tashkent -> Barcelona,232,,,
2026-07-09T09:28:17.192929+00:00,TAS,VCE,Tashkent -> Venice,200,,,
2026-07-09T09:28:17.192929+00:00,TAS,LON,Tashkent -> London,224,,,
2026-07-10T09:24:45.587414+00:00,TAS,IST,Tashkent -> Istanbul,163,,,
2026-07-10T09:24:45.587414+00:00,TAS,DXB,Tashkent -> Dubai,143,,,
2026-07-10T09:24:45.587414+00:00,TAS,ICN,Tashkent -> Seoul,231,,,
2026-07-10T09:24:45.587414+00:00,TAS,BKK,Tashkent -> Bangkok,209,,,
2026-07-10T09:24:45.587414+00:00,SKD,MOW,Samarkand -> Moscow,76,,,
2026-07-10T09:24:45.587414+00:00,TAS,BCN,Tashkent -> Barcelona,237,,,
2026-07-10T09:24:45.587414+00:00,TAS,VCE,Tashkent -> Venice,200,,,
2026-07-10T09:24:45.587414+00:00,TAS,LON,Tashkent -> London,226,,,
2026-07-11T07:46:12.927017+00:00,TAS,IST,Tashkent -> Istanbul,163,,,
2026-07-11T07:46:12.927017+00:00,TAS,DXB,Tashkent -> Dubai,141,,,
2026-07-11T07:46:12.927017+00:00,TAS,ICN,Tashkent -> Seoul,229,,,
2026-07-11T07:46:12.927017+00:00,TAS,BKK,Tashkent -> Bangkok,213,,,
2026-07-11T07:46:12.927017+00:00,SKD,MOW,Samarkand -> Moscow,76,,,
2026-07-11T07:46:12.927017+00:00,TAS,BCN,Tashkent -> Barcelona,237,,,
2026-07-11T07:46:12.927017+00:00,TAS,VCE,Tashkent -> Venice,200,,,
2026-07-11T07:46:12.927017+00:00,TAS,LON,Tashkent -> London,219,,,
2026-07-12T08:07:15.522979+00:00,TAS,IST,Tashkent -> Istanbul,160,,,
2026-07-12T08:07:15.522979+00:00,TAS,DXB,Tashkent -> Dubai,153,,,
2026-07-12T08:07:15.522979+00:00,TAS,ICN,Tashkent -> Seoul,214,,,
2026-07-12T08:07:15.522979+00:00,TAS,BKK,Tashkent -> Bangkok,213,,,
2026-07-12T08:07:15.522979+00:00,SKD,MOW,Samarkand -> Moscow,76,,,
2026-07-12T08:07:15.522979+00:00,TAS,BCN,Tashkent -> Barcelona,238,,,
2026-07-12T08:07:15.522979+00:00,TAS,VCE,Tashkent -> Venice,200,,,
2026-07-12T08:07:15.522979+00:00,TAS,LON,Tashkent -> London,224,,,
2026-07-13T08:57:27.252707+00:00,TAS,IST,Tashkent -> Istanbul,161,,,
2026-07-13T08:57:27.252707+00:00,TAS,DXB,Tashkent -> Dubai,131,,,
2026-07-13T08:57:27.252707+00:00,TAS,ICN,Tashkent -> Seoul,230,,,
2026-07-13T08:57:27.252707+00:00,TAS,BKK,Tashkent -> Bangkok,213,,,
2026-07-13T08:57:27.252707+00:00,SKD,MOW,Samarkand -> Moscow,76,,,
2026-07-13T08:57:27.252707+00:00,TAS,BCN,Tashkent -> Barcelona,238,,,
2026-07-13T08:57:27.252707+00:00,TAS,VCE,Tashkent -> Venice,200,,,
2026-07-13T08:57:27.252707+00:00,TAS,LON,Tashkent -> London,208,,,
2026-07-14T07:52:56.475460+00:00,TAS,IST,Tashkent -> Istanbul,161,,,
2026-07-14T07:52:56.475460+00:00,TAS,DXB,Tashkent -> Dubai,133,,,
2026-07-14T07:52:56.475460+00:00,TAS,ICN,Tashkent -> Seoul,233,,,
2026-07-14T07:52:56.475460+00:00,TAS,BKK,Tashkent -> Bangkok,215,,,
2026-07-14T07:52:56.475460+00:00,SKD,MOW,Samarkand -> Moscow,76,,,
2026-07-14T07:52:56.475460+00:00,TAS,BCN,Tashkent -> Barcelona,238,,,
2026-07-14T07:52:56.475460+00:00,TAS,VCE,Tashkent -> Venice,208,,,
2026-07-14T07:52:56.475460+00:00,TAS,LON,Tashkent -> London,191,,,
2026-07-15T07:56:52.584138+00:00,TAS,IST,Tashkent -> Istanbul,160,,,
2026-07-15T07:56:52.584138+00:00,TAS,DXB,Tashkent -> Dubai,131,,,
2026-07-15T07:56:52.584138+00:00,TAS,ICN,Tashkent -> Seoul,225,,,
2026-07-15T07:56:52.584138+00:00,TAS,BKK,Tashkent -> Bangkok,215,,,
2026-07-15T07:56:52.584138+00:00,SKD,MOW,Samarkand -> Moscow,76,,,
2026-07-15T07:56:52.584138+00:00,TAS,BCN,Tashkent -> Barcelona,238,,,
2026-07-15T07:56:52.584138+00:00,TAS,VCE,Tashkent -> Venice,209,,,
2026-07-15T07:56:52.584138+00:00,TAS,LON,Tashkent -> London,197,,,
2026-07-16T08:02:38.104237+00:00,TAS,IST,Tashkent -> Istanbul,162,,,
2026-07-16T08:02:38.104237+00:00,TAS,DXB,Tashkent -> Dubai,133,,,
2026-07-16T08:02:38.104237+00:00,TAS,ICN,Tashkent -> Seoul,233,,,
2026-07-16T08:02:38.104237+00:00,TAS,BKK,Tashkent -> Bangkok,215,,,
2026-07-16T08:02:38.104237+00:00,SKD,MOW,Samarkand -> Moscow,76,,,
2026-07-16T08:02:38.104237+00:00,TAS,BCN,Tashkent -> Barcelona,238,,,
2026-07-16T08:02:38.104237+00:00,TAS,VCE,Tashkent -> Venice,209,,,
2026-07-16T08:02:38.104237+00:00,TAS,LON,Tashkent -> London,197,,,
2026-07-17T07:59:25.650480+00:00,TAS,IST,Tashkent -> Istanbul,162,,,
2026-07-17T07:59:25.650480+00:00,TAS,DXB,Tashkent -> Dubai,133,,,
2026-07-17T07:59:25.650480+00:00,TAS,ICN,Tashkent -> Seoul,233,,,
2026-07-17T07:59:25.650480+00:00,TAS,BKK,Tashkent -> Bangkok,215,,,
2026-07-17T07:59:25.650480+00:00,SKD,MOW,Samarkand -> Moscow,76,,,
2026-07-17T07:59:25.650480+00:00,TAS,BCN,Tashkent -> Barcelona,236,,,
2026-07-17T07:59:25.650480+00:00,TAS,VCE,Tashkent -> Venice,212,,,
2026-07-17T07:59:25.650480+00:00,TAS,LON,Tashkent -> London,170,,,
2026-07-18T07:40:09.029270+00:00,TAS,IST,Tashkent -> Istanbul,160,,,
2026-07-18T07:40:09.029270+00:00,TAS,DXB,Tashkent -> Dubai,132,,,
2026-07-18T07:40:09.029270+00:00,TAS,ICN,Tashkent -> Seoul,233,,,
2026-07-18T07:40:09.029270+00:00,TAS,BKK,Tashkent -> Bangkok,215,,,
2026-07-18T07:40:09.029270+00:00,SKD,MOW,Samarkand -> Moscow,76,,,
2026-07-18T07:40:09.029270+00:00,TAS,BCN,Tashkent -> Barcelona,236,,,
2026-07-18T07:40:09.029270+00:00,TAS,VCE,Tashkent -> Venice,207,,,
2026-07-18T07:40:09.029270+00:00,TAS,LON,Tashkent -> London,207,,,
2026-07-19T08:06:26.323877+00:00,TAS,IST,Tashkent -> Istanbul,154,,,
2026-07-19T08:06:26.323877+00:00,TAS,DXB,Tashkent -> Dubai,141,,,
2026-07-19T08:06:26.323877+00:00,TAS,ICN,Tashkent -> Seoul,233,,,
2026-07-19T08:06:26.323877+00:00,TAS,BKK,Tashkent -> Bangkok,242,,,
2026-07-19T08:06:26.323877+00:00,SKD,MOW,Samarkand -> Moscow,76,,,
2026-07-19T08:06:26.323877+00:00,TAS,BCN,Tashkent -> Barcelona,211,,,
2026-07-19T08:06:26.323877+00:00,TAS,VCE,Tashkent -> Venice,200,,,
2026-07-19T08:06:26.323877+00:00,TAS,LON,Tashkent -> London,219,,,
2026-07-20T08:47:54.727885+00:00,TAS,IST,Tashkent -> Istanbul,160,,,
2026-07-20T08:47:54.727885+00:00,TAS,DXB,Tashkent -> Dubai,140,,,
2026-07-20T08:47:54.727885+00:00,TAS,ICN,Tashkent -> Seoul,231,,,
2026-07-20T08:47:54.727885+00:00,TAS,BKK,Tashkent -> Bangkok,241,,,
2026-07-20T08:47:54.727885+00:00,SKD,MOW,Samarkand -> Moscow,76,,,
2026-07-20T08:47:54.727885+00:00,TAS,BCN,Tashkent -> Barcelona,211,,,
2026-07-20T08:47:54.727885+00:00,TAS,VCE,Tashkent -> Venice,200,,,
2026-07-20T08:47:54.727885+00:00,TAS,LON,Tashkent -> London,218,,,
2026-07-21T08:15:18.333135+00:00,TAS,IST,Tashkent -> Istanbul,160,,,
2026-07-21T08:15:18.333135+00:00,TAS,DXB,Tashkent -> Dubai,132,,,
2026-07-21T08:15:18.333135+00:00,TAS,ICN,Tashkent -> Seoul,224,,,
2026-07-21T08:15:18.333135+00:00,TAS,BKK,Tashkent -> Bangkok,236,,,
2026-07-21T08:15:18.333135+00:00,SKD,MOW,Samarkand -> Moscow,76,,,
2026-07-21T08:15:18.333135+00:00,TAS,BCN,Tashkent -> Barcelona,206,,,
2026-07-21T08:15:18.333135+00:00,TAS,VCE,Tashkent -> Venice,200,,,
2026-07-21T08:15:18.333135+00:00,TAS,LON,Tashkent -> London,188,,,
2026-07-22T08:16:00.261873+00:00,TAS,IST,Tashkent -> Istanbul,163,,,
2026-07-22T08:16:00.261873+00:00,TAS,DXB,Tashkent -> Dubai,133,,,
2026-07-22T08:16:00.261873+00:00,TAS,ICN,Tashkent -> Seoul,233,,,
2026-07-22T08:16:00.261873+00:00,TAS,BKK,Tashkent -> Bangkok,218,,,
2026-07-22T08:16:00.261873+00:00,SKD,MOW,Samarkand -> Moscow,76,,,
2026-07-22T08:16:00.261873+00:00,TAS,BCN,Tashkent -> Barcelona,206,,,
2026-07-22T08:16:00.261873+00:00,TAS,VCE,Tashkent -> Venice,199,,,
2026-07-22T08:16:00.261873+00:00,TAS,LON,Tashkent -> London,173,,,
2026-07-23T08:20:41.006184+00:00,TAS,IST,Tashkent -> Istanbul,163,,,
2026-07-23T08:20:41.006184+00:00,TAS,DXB,Tashkent -> Dubai,132,,,
2026-07-23T08:20:41.006184+00:00,TAS,ICN,Tashkent -> Seoul,228,,,
2026-07-23T08:20:41.006184+00:00,TAS,BKK,Tashkent -> Bangkok,219,,,
2026-07-23T08:20:41.006184+00:00,SKD,MOW,Samarkand -> Moscow,76,,,
2026-07-23T08:20:41.006184+00:00,TAS,BCN,Tashkent -> Barcelona,206,,,
2026-07-23T08:20:41.006184+00:00,TAS,VCE,Tashkent -> Venice,199,,,
2026-07-23T08:20:41.006184+00:00,TAS,LON,Tashkent -> London,189,,,
2026-07-24T08:14:59.502188+00:00,TAS,IST,Tashkent -> Istanbul,163,,,
2026-07-24T08:14:59.502188+00:00,TAS,DXB,Tashkent -> Dubai,133,,,
2026-07-24T08:14:59.502188+00:00,TAS,ICN,Tashkent -> Seoul,235,,,
2026-07-24T08:14:59.502188+00:00,TAS,BKK,Tashkent -> Bangkok,219,,,
2026-07-24T08:14:59.502188+00:00,SKD,MOW,Samarkand -> Moscow,75,,,
2026-07-24T08:14:59.502188+00:00,TAS,BCN,Tashkent -> Barcelona,208,,,
2026-07-24T08:14:59.502188+00:00,TAS,VCE,Tashkent -> Venice,193,,,
2026-07-24T08:14:59.502188+00:00,TAS,LON,Tashkent -> London,191,,,
2026-07-25T07:57:41.875567+00:00,TAS,IST,Tashkent -> Istanbul,164,,,
2026-07-25T07:57:41.875567+00:00,TAS,DXB,Tashkent -> Dubai,134,,,
2026-07-25T07:57:41.875567+00:00,TAS,ICN,Tashkent -> Seoul,235,,,
2026-07-25T07:57:41.875567+00:00,TAS,BKK,Tashkent -> Bangkok,215,,,
2026-07-25T07:57:41.875567+00:00,SKD,MOW,Samarkand -> Moscow,75,,,
2026-07-25T07:57:41.875567+00:00,TAS,BCN,Tashkent -> Barcelona,208,,,
2026-07-25T07:57:41.875567+00:00,TAS,VCE,Tashkent -> Venice,193,,,
2026-07-25T07:57:41.875567+00:00,TAS,LON,Tashkent -> London,195,,,
2026-07-26T08:15:34.523802+00:00,TAS,IST,Tashkent -> Istanbul,163,,,
2026-07-26T08:15:34.523802+00:00,TAS,DXB,Tashkent -> Dubai,133,,,
2026-07-26T08:15:34.523802+00:00,TAS,ICN,Tashkent -> Seoul,235,,,
2026-07-26T08:15:34.523802+00:00,TAS,BKK,Tashkent -> Bangkok,214,,,
2026-07-26T08:15:34.523802+00:00,SKD,MOW,Samarkand -> Moscow,75,,,
2026-07-26T08:15:34.523802+00:00,TAS,BCN,Tashkent -> Barcelona,208,,,
2026-07-26T08:15:34.523802+00:00,TAS,VCE,Tashkent -> Venice,211,,,
2026-07-26T08:15:34.523802+00:00,TAS,LON,Tashkent -> London,196,,,
2026-07-27T09:39:12.636795+00:00,TAS,IST,Tashkent -> Istanbul,162,,,
2026-07-27T09:39:12.636795+00:00,TAS,DXB,Tashkent -> Dubai,133,,,
2026-07-27T09:39:12.636795+00:00,TAS,ICN,Tashkent -> Seoul,234,,,
2026-07-27T09:39:12.636795+00:00,TAS,BKK,Tashkent -> Bangkok,219,,,
2026-07-27T09:39:12.636795+00:00,SKD,MOW,Samarkand -> Moscow,75,,,
2026-07-27T09:39:12.636795+00:00,TAS,BCN,Tashkent -> Barcelona,208,,,
2026-07-27T09:39:12.636795+00:00,TAS,VCE,Tashkent -> Venice,211,,,
2026-07-27T09:39:12.636795+00:00,TAS,LON,Tashkent -> London,195,,,
2026-07-28T08:23:40.209270+00:00,TAS,IST,Tashkent -> Istanbul,162,,,
2026-07-28T08:23:40.209270+00:00,TAS,DXB,Tashkent -> Dubai,132,,,
2026-07-28T08:23:40.209270+00:00,TAS,ICN,Tashkent -> Seoul,233,,,
2026-07-28T08:23:40.209270+00:00,TAS,BKK,Tashkent -> Bangkok,216,,,
2026-07-28T08:23:40.209270+00:00,SKD,MOW,Samarkand -> Moscow,75,,,
2026-07-28T08:23:40.209270+00:00,TAS,BCN,Tashkent -> Barcelona,208,,,
2026-07-28T08:23:40.209270+00:00,TAS,VCE,Tashkent -> Venice,206,,,
2026-07-28T08:23:40.209270+00:00,TAS,LON,Tashkent -> London,192,,,
2026-07-29T08:29:40.731070+00:00,TAS,IST,Tashkent -> Istanbul,162,,,
2026-07-29T08:29:40.731070+00:00,TAS,DXB,Tashkent -> Dubai,131,,,
2026-07-29T08:29:40.731070+00:00,TAS,ICN,Tashkent -> Seoul,231,,,
2026-07-29T08:29:40.731070+00:00,TAS,BKK,Tashkent -> Bangkok,214,,,
2026-07-29T08:29:40.731070+00:00,SKD,MOW,Samarkand -> Moscow,75,,,
2026-07-29T08:29:40.731070+00:00,TAS,BCN,Tashkent -> Barcelona,223,,,
2026-07-29T08:29:40.731070+00:00,TAS,VCE,Tashkent -> Venice,188,,,
2026-07-29T08:29:40.731070+00:00,TAS,LON,Tashkent -> London,191,,,
2026-07-30T08:13:47.678317+00:00,TAS,IST,Tashkent -> Istanbul,160,,,
2026-07-30T08:13:47.678317+00:00,TAS,DXB,Tashkent -> Dubai,131,,,
2026-07-30T08:13:47.678317+00:00,TAS,ICN,Tashkent -> Seoul,230,,,
2026-07-30T08:13:47.678317+00:00,TAS,BKK,Tashkent -> Bangkok,215,,,
2026-07-30T08:13:47.678317+00:00,SKD,MOW,Samarkand -> Moscow,75,,,
2026-07-30T08:13:47.678317+00:00,TAS,BCN,Tashkent -> Barcelona,223,,,
2026-07-30T08:13:47.678317+00:00,TAS,VCE,Tashkent -> Venice,188,,,
2026-07-30T08:13:47.678317+00:00,TAS,LON,Tashkent -> London,190,,,
2026-07-31T08:40:33.412876+00:00,TAS,IST,Tashkent -> Istanbul,161,,,
2026-07-31T08:40:33.412876+00:00,TAS,DXB,Tashkent -> Dubai,131,,,
2026-07-31T08:40:33.412876+00:00,TAS,ICN,Tashkent -> Seoul,232,,,
2026-07-31T08:40:33.412876+00:00,TAS,BKK,Tashkent -> Bangkok,216,,,
2026-07-31T08:40:33.412876+00:00,SKD,MOW,Samarkand -> Moscow,76,,,
2026-07-31T08:40:33.412876+00:00,TAS,BCN,Tashkent -> Barcelona,232,,,
2026-07-31T08:40:33.412876+00:00,TAS,VCE,Tashkent -> Venice,188,,,
2026-07-31T08:40:33.412876+00:00,TAS,LON,Tashkent -> London,192,,,
2026-08-01T08:10:41.928759+00:00,TAS,IST,Tashkent -> Istanbul,161,,,
2026-08-01T08:10:41.928759+00:00,TAS,DXB,Tashkent -> Dubai,133,,,
2026-08-01T08:10:41.928759+00:00,TAS,ICN,Tashkent -> Seoul,233,,,
2026-08-01T08:10:41.928759+00:00,TAS,BKK,Tashkent -> Bangkok,218,,,
2026-08-01T08:10:41.928759+00:00,SKD,MOW,Samarkand -> Moscow,76,,,
2026-08-01T08:10:41.928759+00:00,TAS,BCN,Tashkent -> Barcelona,232,,,
2026-08-01T08:10:41.928759+00:00,TAS,VCE,Tashkent -> Venice,188,,,
2026-08-01T08:10:41.928759+00:00,TAS,LON,Tashkent -> London,217,,,
2026-08-02T08:11:59.898466+00:00,TAS,IST,Tashkent -> Istanbul,162,,,
2026-08-02T08:11:59.898466+00:00,TAS,DXB,Tashkent -> Dubai,133,,,
2026-08-02T08:11:59.898466+00:00,TAS,ICN,Tashkent -> Seoul,233,,,
2026-08-02T08:11:59.898466+00:00,TAS,BKK,Tashkent -> Bangkok,219,,,
2026-08-02T08:11:59.898466+00:00,SKD,MOW,Samarkand -> Moscow,76,,,
2026-08-02T08:11:59.898466+00:00,TAS,BCN,Tashkent -> Barcelona,239,,,
2026-08-02T08:11:59.898466+00:00,TAS,VCE,Tashkent -> Venice,188,,,
2026-08-02T08:11:59.898466+00:00,TAS,LON,Tashkent -> London,204,,,
2026-08-03T09:32:46.963933+00:00,TAS,IST,Tashkent -> Istanbul,154,,,
2026-08-03T09:32:46.963933+00:00,TAS,DXB,Tashkent -> Dubai,132,,,
2026-08-03T09:32:46.963933+00:00,TAS,ICN,Tashkent -> Seoul,233,,,
2026-08-03T09:32:46.963933+00:00,TAS,BKK,Tashkent -> Bangkok,217,,,
2026-08-03T09:32:46.963933+00:00,SKD,MOW,Samarkand -> Moscow,76,,,
2026-08-03T09:32:46.963933+00:00,TAS,BCN,Tashkent -> Barcelona,239,,,
2026-08-03T09:32:46.963933+00:00,TAS,VCE,Tashkent -> Venice,188,,,
2026-08-03T09:32:46.963933+00:00,TAS,LON,Tashkent -> London,199,,,
2026-08-04T08:27:51.260884+00:00,TAS,IST,Tashkent -> Istanbul,154,,,
2026-08-04T08:27:51.260884+00:00,TAS,DXB,Tashkent -> Dubai,130,,,
2026-08-04T08:27:51.260884+00:00,TAS,ICN,Tashkent -> Seoul,233,,,
2026-08-04T08:27:51.260884+00:00,TAS,BKK,Tashkent -> Bangkok,191,,,
2026-08-04T08:27:51.260884+00:00,SKD,MOW,Samarkand -> Moscow,76,,,
2026-08-04T08:27:51.260884+00:00,TAS,BCN,Tashkent -> Barcelona,219,,,
2026-08-04T08:27:51.260884+00:00,TAS,VCE,Tashkent -> Venice,170,,,
2026-08-04T08:27:51.260884+00:00,TAS,LON,Tashkent -> London,199,,,
2026-08-05T08:26:25.221441+00:00,TAS,IST,Tashkent -> Istanbul,154,,,
2026-08-05T08:26:25.221441+00:00,TAS,DXB,Tashkent -> Dubai,132,,,
2026-08-05T08:26:25.221441+00:00,TAS,ICN,Tashkent -> Seoul,233,,,
2026-08-05T08:26:25.221441+00:00,TAS,BKK,Tashkent -> Bangkok,217,,,
2026-08-05T08:26:25.221441+00:00,SKD,MOW,Samarkand -> Moscow,76,,,
2026-08-05T08:26:25.221441+00:00,TAS,BCN,Tashkent -> Barcelona,206,,,
2026-08-05T08:26:25.221441+00:00,TAS,VCE,Tashkent -> Venice,170,,,
2026-08-05T08:26:25.221441+00:00,TAS,LON,Tashkent -> London,202,,,
2026-08-06T08:24:14.493190+00:00,TAS,IST,Tashkent -> Istanbul,159,,,
2026-08-06T08:24:14.493190+00:00,TAS,DXB,Tashkent -> Dubai,132,,,
2026-08-06T08:24:14.493190+00:00,TAS,ICN,Tashkent -> Seoul,234,,,
2026-08-06T08:24:14.493190+00:00,TAS,BKK,Tashkent -> Bangkok,221,,,
2026-08-06T08:24:14.493190+00:00,SKD,MOW,Samarkand -> Moscow,75,,,
2026-08-06T08:24:14.493190+00:00,TAS,BCN,Tashkent -> Barcelona,211,,,
2026-08-06T08:24:14.493190+00:00,TAS,VCE,Tashkent -> Venice,170,,,
2026-08-06T08:24:14.493190+00:00,TAS,LON,Tashkent -> London,217,,,
2026-08-07T07:05:15.023936+00:00,TAS,IST,Tashkent -> Istanbul,159,,,
2026-08-07T07:05:15.023936+00:00,TAS,DXB,Tashkent -> Dubai,135,,,
2026-08-07T07:05:15.023936+00:00,TAS,ICN,Tashkent -> Seoul,230,,,
2026-08-07T07:05:15.023936+00:00,TAS,BKK,Tashkent -> Bangkok,215,,,
2026-08-07T07:05:15.023936+00:00,SKD,MOW,Samarkand -> Moscow,75,,,
2026-08-07T07:05:15.023936+00:00,TAS,BCN,Tashkent -> Barcelona,208,,,
2026-08-07T07:05:15.023936+00:00,TAS,VCE,Tashkent -> Venice,170,,,
2026-08-07T07:05:15.023936+00:00,TAS,LON,Tashkent -> London,197,,,
2026-08-07T09:21:57.690464+00:00,TAS,IST,Tashkent -> Istanbul,159,https://www.aviasales.com/search/TAS1312IST1?t=C617971596001797172200000330TASIST_6a260b6610547b28d6d7d78db657ce72_13156&search_date=07082026&expected_price_uuid=019fda1c-9c1b-8040-60f7-b2892fee1dff&static_fare_key=TY%7CP0%7CH0%7CL0%7CCH1%7CR0%7CTBC0&itinerary_key=pqpAUZnBZesMt4liSErV5w&expected_price_source=share&expected_price_currency=usd&expected_price=159&marker=747646,,
2026-08-07T09:21:57.690464+00:00,TAS,DXB,Tashkent -> Dubai,140,https://www.aviasales.com/search/TAS1308DXB1?t=HY17866071001786618800000255TASDXB_14a7dedc2b5073694bd66fab83558f77_11504&search_date=07082026&expected_price_uuid=019fdb50-764e-8050-e8c8-03a6ec8a809c&static_fare_key=TY%7CP1%7CH1%7CL0%7CCH0%7CR0%7CTBC0&itinerary_key=8H7vXuBcwL_rbrL3zv8muA&expected_price_source=share&expected_price_currency=usd&expected_price=140&marker=747646,,
2026-08-07T09:21:57.690464+00:00,TAS,ICN,Tashkent -> Seoul,230,https://www.aviasales.com/search/TAS2201ICN1?t=HH18006528001800691200000400TASICN_19da4917eef594816c4ab0bd7a9f9481_19122&search_date=07082026&expected_price_uuid=019fda5c-9498-8040-2a94-71e34004d904&static_fare_key=TY%7CP0%7CH1%7CL0%7CCH1%7CR0%7CTBC0&itinerary_key=VR27uDKawvF2Hpj8OaLKzQ&destination_airports=0&expected_price_source=share&expected_price_currency=usd&expected_price=230&marker=747646,,
2026-08-07T09:21:57.690464+00:00,TAS,BKK,Tashkent -> Bangkok,215,https://www.aviasales.com/search/TAS2608BKK1?t=HY17877504001787779800000370TASBKK_765ddf33e091fa41c87ae7f2d496081d_17821&search_date=07082026&expected_price_uuid=019fda8f-06cc-8030-ae4a-823187f7da3e&static_fare_key=TY%7CP0%7CH1%7CL0%7CCH0%7CR0%7CTBC0&itinerary_key=ByocNfAsuyqSdBQOASamaQ&expected_price_source=share&expected_price_currency=usd&expected_price=215&marker=747646,,
2026-08-07T09:21:57.690464+00:00,SKD,MOW,Samarkand -> Moscow,75,https://www.aviasales.com/search/SKD2710MOW1?t=DP17930733001793081700000260SKDVKO_ac98dd09d4572fcf12c47fb8bc19d0fb_6237&search_date=07082026&expected_price_uuid=019fdae8-0764-8030-2625-c6d728745086&static_fare_key=TY%7CP0%7CH1%7CL0%7CCH0%7CR0%7CTBC0&itinerary_key=9SSenQy05MZww_DtFmxd_Q&expected_price_source=share&expected_price_currency=usd&expected_price=75&marker=747646,,
2026-08-07T09:21:57.690464+00:00,TAS,BCN,Tashkent -> Barcelona,208,https://www.aviasales.com/search/TAS2911BCN1?t=5F17959398001796048400002050TASRMOBCN_cb2f19dfcba3e81264e88f041a30bf59_17273&search_date=07082026&expected_price_uuid=019fdaea-81a5-8051-20c8-e9745c443421&static_fare_key=TY%7CP1%7CH0%7CL0%7CCH0%7CR0%7CTBC0&itinerary_key=fRNuV7V7q7nlzViCSGNdnA&expected_price_source=share&expected_price_currency=usd&expected_price=208&marker=747646,,
2026-08-07T09:21:57.690464+00:00,TAS,VCE,Tashkent -> Venice,170,https://www.aviasales.com/search/TAS0411VCE1?t=W617937948001793861400001350TASEVNVCE_e83c744711186fae19d87424dd485fc4_13696&search_date=04082026&expected_price_uuid=019fcb0d-9be4-8030-674b-6cd73111a52a&static_fare_key=TY%7CP0%7CH0%7CL0%7CCH0%7CR0%7CTBC0&itinerary_key=vvTmVyuTc5Tuo7OkrweryA&expected_price_source=share&expected_price_currency=usd&expected_price=170&marker=747646,,
2026-08-07T09:21:57.690464+00:00,TAS,LON,Tashkent -> London,197,https://www.aviasales.com/search/TAS1612LON1?t=W617974236001797504300001645TASEVNBTSLTN_ca5db0e558caf4bda46dcbb0ff085d00_16354&search_date=07082026&expected_price_uuid=019fda1a-510c-8040-6531-dae3bb81972a&static_fare_key=TY%7CP0%7CH0%7CL0%7CCH0%7CR0%7CTBC0&itinerary_key=C3hjqFbZOUlMDbMzplpTpg&expected_price_source=share&expected_price_currency=usd&expected_price=197&marker=747646,,
2026-08-08T06:40:40.870372+00:00,TAS,IST,Tashkent -> Istanbul,160,https://www.aviasales.com/search/TAS1403IST1?t=C618050220001805034600000330TASIST_8bca0cf61ca552089c1490bbbdbb4a6a_13153&search_date=07082026&expected_price_uuid=019fddb7-ed95-8030-a9ef-e44149625d51&static_fare_key=TY%7CP1%7CH1%7CL1_1_23%7CCH0%7CR0%7CTBC1&itinerary_key=pqpAUZnBZesMt4liSErV5w&expected_price_source=share&expected_price_currency=usd&expected_price=160&marker=747646,,
2026-08-08T06:40:40.870372+00:00,TAS,DXB,Tashkent -> Dubai,154,https://www.aviasales.com/search/TAS1308DXB1?t=C617866074001786618500000245TASDXB_97a7648371e1cfd7b8b16339308ff978_12631&search_date=08082026&expected_price_uuid=019fdff8-58cb-8030-e6e6-1f45a6fd8378&static_fare_key=TY%7CP0%7CH0%7CL0%7CCH0%7CR0%7CTBC0&itinerary_key=CslG_QugSi_nhAv0NlXuSw&expected_price_source=share&expected_price_currency=usd&expected_price=154&marker=747646,,
2026-08-08T06:40:40.870372+00:00,TAS,ICN,Tashkent -> Seoul,233,https://www.aviasales.com/search/TAS1902ICN1?t=HH18030720001803110400000400TASICN_ed15a62267b18c7010aa13a62922c8b8_19191&search_date=07082026&expected_price_uuid=019fdd3f-805e-8050-a634-833d8720f94c&static_fare_key=TY%7CP1%7CH1%7CL0%7CCH1%7CR0%7CTBC0&itinerary_key=VR27uDKawvF2Hpj8OaLKzQ&destination_airports=0&expected_price_source=share&expected_price_currency=usd&expected_price=233&marker=747646,,
2026-08-08T06:40:40.870372+00:00,TAS,BKK,Tashkent -> Bangkok,219,https://www.aviasales.com/search/TAS1908BKK1?t=HY17871456001787175000000370TASBKK_cd13e1d1e80c41f13b1fa8c9e93e3674_18013&search_date=08082026&expected_price_uuid=019fdfb8-481a-8030-2130-b6e7e3465c94&static_fare_key=TY%7CP1%7CH1%7CL0%7CCH0%7CR0%7CTBC0&itinerary_key=ByocNfAsuyqSdBQOASamaQ&expected_price_source=share&expected_price_currency=usd&expected_price=219&marker=747646,,
2026-08-08T06:40:40.870372+00:00,SKD,MOW,Samarkand -> Moscow,77,https://www.aviasales.com/search/SKD0105MOW1?t=HH18091716001809202800000640SKDTASVKO_3a185dc52921d928ed9ffb871c5b01e5_6299&search_date=07082026&expected_price_uuid=019fdb3c-c2b2-8050-aacd-2a45719c863e&static_fare_key=TY%7CP1%7CH1%7CL1_1_23%7CCH0%7CR0%7CTBC1&itinerary_key=zQC9v6wjzk_zzn7pCmxbNA&expected_price_source=share&expected_price_currency=usd&expected_price=77&marker=747646,,
2026-08-08T06:40:40.870372+00:00,TAS,BCN,Tashkent -> Barcelona,208,https://www.aviasales.com/search/TAS2911BCN1?t=5F17959398001796048400002050TASRMOBCN_cb2f19dfcba3e81264e88f041a30bf59_17273&search_date=07082026&expected_price_uuid=019fdaea-81a5-8051-20c8-e9745c443421&static_fare_key=TY%7CP1%7CH0%7CL0%7CCH0%7CR0%7CTBC0&itinerary_key=fRNuV7V7q7nlzViCSGNdnA&expected_price_source=share&expected_price_currency=usd&expected_price=208&marker=747646,,
2026-08-08T06:40:40.870372+00:00,TAS,VCE,Tashkent -> Venice,168,https://www.aviasales.com/search/TAS0411VCE1?t=W617937948001793861400001350TASEVNVCE_e83c744711186fae19d87424dd485fc4_13752&search_date=07082026&expected_price_uuid=019fdb8d-23ff-8030-a370-b2684c7693bd&static_fare_key=TY%7CP0%7CH0%7CL0%7CCH0%7CR0%7CTBC0&itinerary_key=vvTmVyuTc5Tuo7OkrweryA&expected_price_source=share&expected_price_currency=usd&expected_price=168&marker=747646,,
2026-08-08T06:40:40.870372+00:00,TAS,LON,Tashkent -> London,191,https://www.aviasales.com/search/TAS0411LON1?t=W617937948001793875500001645TASEVNBTSLTN_5b3bdf2fd77d58ac3626c013b15b2d4e_15737&search_date=08082026&expected_price_uuid=019fdf7a-2c77-8030-6947-9084d5cfab64&static_fare_key=TY%7CP0%7CH0%7CL0%7CCH0%7CR0%7CTBC0&itinerary_key=C3hjqFbZOUlMDbMzplpTpg&expected_price_source=share&expected_price_currency=usd&expected_price=191&marker=747646,,
2026-08-09T06:44:27.228910+00:00,TAS,IST,Tashkent -> Istanbul,160,https://www.aviasales.com/search/TAS0702IST1?t=C618019980001802010600000330TASIST_1af15a2150e3495e765fcb46f5bf5ec0_13135&search_date=09082026&expected_price_uuid=019fe495-f36f-8030-642f-083f690ef034&static_fare_key=TY%7CP1%7CH1%7CL1_1_23%7CCH0%7CR0%7CTBC1&itinerary_key=pqpAUZnBZesMt4liSErV5w&expected_price_source=share&expected_price_currency=usd&expected_price=160&marker=747646,,
2026-08-09T06:44:27.228910+00:00,TAS,DXB,Tashkent -> Dubai,152,https://www.aviasales.com/search/TAS1308DXB1?t=C617866074001786618500000245TASDXB_97a7648371e1cfd7b8b16339308ff978_12531&search_date=09082026&expected_price_uuid=019fe542-1343-8030-e956-847800942b02&static_fare_key=TY%7CP1%7CH1%7CL0%7CCH0%7CR0%7CTBC0&itinerary_key=CslG_QugSi_nhAv0NlXuSw&expected_price_source=share&expected_price_currency=usd&expected_price=152&marker=747646,,
2026-08-09T06:44:27.228910+00:00,TAS,ICN,Tashkent -> Seoul,234,https://www.aviasales.com/search/TAS2603ICN1?t=HH18060960001806134400000400TASICN_397741229bcebc941e8b358cabba9826_19202&search_date=07082026&expected_price_uuid=019fdbfd-ae14-8050-ed88-c7ef9475aadb&static_fare_key=TY%7CP1%7CH1%7CL0%7CCH1%7CR0%7CTBC0&itinerary_key=VR27uDKawvF2Hpj8OaLKzQ&destination_airports=0&expected_price_source=share&expected_price_currency=usd&expected_price=234&marker=747646,,
2026-08-09T06:44:27.228910+00:00,TAS,BKK,Tashkent -> Bangkok,219,https://www.aviasales.com/search/TAS1908BKK1?t=HY17871456001787175000000370TASBKK_cd13e1d1e80c41f13b1fa8c9e93e3674_18013&search_date=09082026&expected_price_uuid=019fe4b1-cf89-8030-a13a-f74a10deda8c&static_fare_key=TY%7CP0%7CH1%7CL0%7CCH0%7CR0%7CTBC0&itinerary_key=ByocNfAsuyqSdBQOASamaQ&expected_price_source=share&expected_price_currency=usd&expected_price=219&marker=747646,,
2026-08-09T06:44:27.228910+00:00,SKD,MOW,Samarkand -> Moscow,77,https://www.aviasales.com/search/SKD0804MOW1?t=HH18071676001807229700001155SKDTASVKO_b6d2500bbb693de5f5912db2542ec52a_6299&search_date=07082026&expected_price_uuid=019fdb3f-1e74-8050-64c0-3f2883c9f34d&static_fare_key=TY%7CP1%7CH1%7CL1_1_25%7CCH0%7CR0%7CTBC1&itinerary_key=_-Lt-uL20O50LxpUclNKGw&expected_price_source=share&expected_price_currency=usd&expected_price=77&marker=747646,,
2026-08-09T06:44:27.228910+00:00,TAS,BCN,Tashkent -> Barcelona,208,https://www.aviasales.com/search/TAS2911BCN1?t=5F17959398001796048400002050TASRMOBCN_cb2f19dfcba3e81264e88f041a30bf59_17273&search_date=07082026&expected_price_uuid=019fdaea-81a5-8051-20c8-e9745c443421&static_fare_key=TY%7CP1%7CH0%7CL0%7CCH0%7CR0%7CTBC0&itinerary_key=fRNuV7V7q7nlzViCSGNdnA&expected_price_source=share&expected_price_currency=usd&expected_price=208&marker=747646,,
2026-08-09T06:44:27.228910+00:00,TAS,VCE,Tashkent -> Venice,168,https://www.aviasales.com/search/TAS0411VCE1?t=W617937948001793861400001350TASEVNVCE_e83c744711186fae19d87424dd485fc4_13752&search_date=07082026&expected_price_uuid=019fdb8d-23ff-8030-a370-b2684c7693bd&static_fare_key=TY%7CP0%7CH0%7CL0%7CCH0%7CR0%7CTBC0&itinerary_key=vvTmVyuTc5Tuo7OkrweryA&expected_price_source=share&expected_price_currency=usd&expected_price=168&marker=747646,,
2026-08-09T06:44:27.228910+00:00,TAS,LON,Tashkent -> London,192,https://www.aviasales.com/search/TAS0411LON1?t=W617937948001793875500001645TASEVNBTSLTN_5b3bdf2fd77d58ac3626c013b15b2d4e_15781&search_date=09082026&expected_price_uuid=019fe468-714f-8030-eaae-61fdb434e18d&static_fare_key=TY%7CP0%7CH0%7CL0%7CCH0%7CR0%7CTBC0&itinerary_key=C3hjqFbZOUlMDbMzplpTpg&expected_price_source=share&expected_price_currency=usd&expected_price=192&marker=747646,,
2026-08-10T07:19:14.168211+00:00,TAS,IST,Tashkent -> Istanbul,160,https://www.aviasales.com/search/TAS1402IST1?t=C618026028001802615400000330TASIST_5b47c0caa2f9fba41a13ce37318a87ff_13040&search_date=10082026&expected_price_uuid=019fea4a-8e4d-8030-6165-4b6e0fd42372&static_fare_key=TY%7CP1%7CH1%7CL1_1_23%7CCH0%7CR0%7CTBC1&itinerary_key=pqpAUZnBZesMt4liSErV5w&expected_price_source=share&expected_price_currency=usd&expected_price=160&marker=747646,,
2026-08-10T07:19:14.168211+00:00,TAS,DXB,Tashkent -> Dubai,142,https://www.aviasales.com/search/TAS1508DXB1?t=HY17867799001786791600000255TASDXB_b14da6ea0b2f8d88218a4fce9847891d_11675&search_date=10082026&expected_price_uuid=019fea67-e897-8030-ad87-e2e60b1092c0&static_fare_key=TY%7CP1%7CH1%7CL0%7CCH0%7CR0%7CTBC0&itinerary_key=8H7vXuBcwL_rbrL3zv8muA&expected_price_source=share&expected_price_currency=usd&expected_price=142&marker=747646,,
2026-08-10T07:19:14.168211+00:00,TAS,ICN,Tashkent -> Seoul,234,https://www.aviasales.com/search/TAS2102ICN1?t=HH18032448001803283200000400TASICN_3c9bae87526a76f20abd77bf1f80b9d3_18814&search_date=03082026&expected_price_uuid=019fc8a5-a3bc-8050-eabf-7bc25638fb6a&static_fare_key=TY%7CP1%7CH1%7CL0%7CCH1%7CR0%7CTBC0&itinerary_key=VR27uDKawvF2Hpj8OaLKzQ&destination_airports=0&expected_price_source=share&expected_price_currency=usd&expected_price=234&marker=747646,,
2026-08-10T07:19:14.168211+00:00,TAS,BKK,Tashkent -> Bangkok,219,https://www.aviasales.com/search/TAS2408BKK1?t=HY17876124001787641800000370TASBKK_4bb7e1fffdea908810864bba677b9939_18013&search_date=10082026&expected_price_uuid=019fea75-8648-8050-eee9-a5e9083ae424&static_fare_key=TY%7CP1%7CH1%7CL0%7CCH0%7CR0%7CTBC0&itinerary_key=t4irZVdZeLbFaojYDTsNow&expected_price_source=share&expected_price_currency=usd&expected_price=219&marker=747646,,
2026-08-10T07:19:14.168211+00:00,SKD,MOW,Samarkand -> Moscow,77,https://www.aviasales.com/search/SKD0804MOW1?t=HH18071676001807229700001155SKDTASVKO_b6d2500bbb693de5f5912db2542ec52a_6299&search_date=07082026&expected_price_uuid=019fdb3f-1e74-8050-64c0-3f2883c9f34d&static_fare_key=TY%7CP1%7CH1%7CL1_1_25%7CCH0%7CR0%7CTBC1&itinerary_key=_-Lt-uL20O50LxpUclNKGw&expected_price_source=share&expected_price_currency=usd&expected_price=77&marker=747646,,
2026-08-10T07:19:14.168211+00:00,TAS,BCN,Tashkent -> Barcelona,208,https://www.aviasales.com/search/TAS2911BCN1?t=5F17959398001796048400002050TASRMOBCN_cb2f19dfcba3e81264e88f041a30bf59_17273&search_date=07082026&expected_price_uuid=019fdaea-81a5-8051-20c8-e9745c443421&static_fare_key=TY%7CP1%7CH0%7CL0%7CCH0%7CR0%7CTBC0&itinerary_key=fRNuV7V7q7nlzViCSGNdnA&expected_price_source=share&expected_price_currency=usd&expected_price=208&marker=747646,,
2026-08-10T07:19:14.168211+00:00,TAS,VCE,Tashkent -> Venice,174,https://www.aviasales.com/search/TAS0411VCE1?t=W617937948001793861400001350TASEVNVCE_e83c744711186fae19d87424dd485fc4_14208&search_date=09082026&expected_price_uuid=019fe63d-6d9d-8030-62ed-1126231471b9&static_fare_key=TY%7CP1%7CH0%7CL0%7CCH0%7CR0%7CTBC0&itinerary_key=vvTmVyuTc5Tuo7OkrweryA&expected_price_source=share&expected_price_currency=usd&expected_price=174&marker=747646,,
2026-08-10T07:19:14.168211+00:00,TAS,LON,Tashkent -> London,197,https://www.aviasales.com/search/TAS0411LON1?t=W617937948001793875500001645TASEVNBTSLTN_5b3bdf2fd77d58ac3626c013b15b2d4e_16057&search_date=10082026&expected_price_uuid=019fe936-3474-8030-a8f5-8369095659c7&static_fare_key=TY%7CP0%7CH0%7CL0%7CCH0%7CR0%7CTBC0&itinerary_key=C3hjqFbZOUlMDbMzplpTpg&expected_price_source=share&expected_price_currency=usd&expected_price=197&marker=747646,,
2026-08-11T06:55:45.639532+00:00,TAS,IST,Tashkent -> Istanbul,161,https://www.aviasales.com/search/TAS2603IST1?t=C618060864001806099600000340TASIST_472a155b7e0fe56a4ec482af1489b54e_13314&search_date=10082026&expected_price_uuid=019feda7-0cea-8050-ee50-1280686dc7f2&static_fare_key=TY%7CP1%7CH0%7CL0%7CCH0%7CR0%7CTBC0&itinerary_key=1FoTmk0NzIAtNncDebXxVQ&expected_price_source=share&expected_price_currency=usd&expected_price=161&marker=747646,,
2026-08-11T06:55:45.639532+00:00,TAS,DXB,Tashkent -> Dubai,141,https://www.aviasales.com/search/TAS2008DXB1?t=C617872122001787223300000245TASDXB_0f0ef613f861670c115017cdef0d3694_11621&search_date=11082026&expected_price_uuid=019fef11-c6aa-8030-e722-10b03bae42f9&static_fare_key=TY%7CP0%7CH1%7CL0%7CCH0%7CR0%7CTBC0&itinerary_key=CslG_QugSi_nhAv0NlXuSw&expected_price_source=share&expected_price_currency=usd&expected_price=141&marker=747646,,
2026-08-11T06:55:45.639532+00:00,TAS,ICN,Tashkent -> Seoul,236,https://www.aviasales.com/search/TAS1902ICN1?t=HH18030720001803110400000400TASICN_ed15a62267b18c7010aa13a62922c8b8_19398&search_date=09082026&expected_price_uuid=019fe3fd-2651-8030-a8ab-3c972ab61caf&static_fare_key=TY%7CP1%7CH1%7CL0%7CCH1%7CR0%7CTBC0&itinerary_key=VR27uDKawvF2Hpj8OaLKzQ&destination_airports=0&expected_price_source=share&expected_price_currency=usd&expected_price=236&marker=747646,,
2026-08-11T06:55:45.639532+00:00,TAS,BKK,Tashkent -> Bangkok,219,https://www.aviasales.com/search/TAS3108BKK1?t=HY17882172001788246600000370TASBKK_60b87b56f1dfd02efd0fc86d6d13d886_18106&search_date=11082026&expected_price_uuid=019fef3e-d0af-8030-6e35-5aa03a73da9a&static_fare_key=TY%7CP0%7CH1%7CL0%7CCH0%7CR0%7CTBC0&itinerary_key=t4irZVdZeLbFaojYDTsNow&expected_price_source=share&expected_price_currency=usd&expected_price=219&marker=747646,,
2026-08-11T06:55:45.639532+00:00,SKD,MOW,Samarkand -> Moscow,77,https://www.aviasales.com/search/SKD3012MOW1?t=DP17986029001798611300000260SKDVKO_a6308afb2f415fd98ff96555420f4c7d_6311&search_date=11082026&expected_price_uuid=019feeeb-9e8f-8030-ab44-f23bc0469c41&static_fare_key=TY%7CP0%7CH1%7CL0%7CCH0%7CR0%7CTBC0&itinerary_key=9SSenQy05MZww_DtFmxd_Q&expected_price_source=share&expected_price_currency=usd&expected_price=76&marker=747646,,
2026-08-11T06:55:45.639532+00:00,TAS,BCN,Tashkent -> Barcelona,208,https://www.aviasales.com/search/TAS2911BCN1?t=5F17959398001796048400002050TASRMOBCN_cb2f19dfcba3e81264e88f041a30bf59_17273&search_date=07082026&expected_price_uuid=019fdaea-81a5-8051-20c8-e9745c443421&static_fare_key=TY%7CP1%7CH0%7CL0%7CCH0%7CR0%7CTBC0&itinerary_key=fRNuV7V7q7nlzViCSGNdnA&expected_price_source=share&expected_price_currency=usd&expected_price=208&marker=747646,,
2026-08-11T06:55:45.639532+00:00,TAS,VCE,Tashkent -> Venice,174,https://www.aviasales.com/search/TAS0411VCE1?t=W617937948001793861400001350TASEVNVCE_e83c744711186fae19d87424dd485fc4_14208&search_date=09082026&expected_price_uuid=019fe63d-6d9d-8030-62ed-1126231471b9&static_fare_key=TY%7CP1%7CH0%7CL0%7CCH0%7CR0%7CTBC0&itinerary_key=vvTmVyuTc5Tuo7OkrweryA&expected_price_source=share&expected_price_currency=usd&expected_price=174&marker=747646,,
2026-08-11T06:55:45.639532+00:00,TAS,LON,Tashkent -> London,172,https://www.aviasales.com/search/TAS0711LON1?t=VF17940516001794138300001745TASBSZSAWSTN_72fe0edc351c466b97370eae2cb2fec0_14171&search_date=11082026&expected_price_uuid=019fee6b-21c0-8030-2643-8b987463866b&static_fare_key=TY%7CP0%7CH0%7CL0%7CCH0%7CR0%7CTBC0&itinerary_key=9VSbLNsSMUgYj7wOgdKHfQ&expected_price_source=share&expected_price_currency=usd&expected_price=172&marker=747646,,
2026-08-12T07:15:42.596117+00:00,TAS,IST,Tashkent -> Istanbul,161,https://www.aviasales.com/search/TAS2603IST1?t=C618060864001806099600000340TASIST_472a155b7e0fe56a4ec482af1489b54e_13314&search_date=10082026&expected_price_uuid=019feda7-0cea-8050-ee50-1280686dc7f2&static_fare_key=TY%7CP1%7CH0%7CL0%7CCH0%7CR0%7CTBC0&itinerary_key=1FoTmk0NzIAtNncDebXxVQ&expected_price_source=share&expected_price_currency=usd&expected_price=161&marker=747646,,
2026-08-12T07:15:42.596117+00:00,TAS,DXB,Tashkent -> Dubai,143,https://www.aviasales.com/search/TAS1808DXB1?t=HY17870391001787050800000255TASDXB_650ab47cb644d34882ab2f3e381792e6_11749&search_date=12082026&expected_price_uuid=019ff497-d19d-8050-60a0-01ed22fea587&static_fare_key=TY%7CP1%7CH1%7CL0%7CCH0%7CR0%7CTBC0&itinerary_key=8H7vXuBcwL_rbrL3zv8muA&expected_price_source=share&expected_price_currency=usd&expected_price=142&marker=747646,,
2026-08-12T07:15:42.596117+00:00,TAS,ICN,Tashkent -> Seoul,236,https://www.aviasales.com/search/TAS1902ICN1?t=HH18030720001803110400000400TASICN_ed15a62267b18c7010aa13a62922c8b8_19398&search_date=09082026&expected_price_uuid=019fe3fd-2651-8030-a8ab-3c972ab61caf&static_fare_key=TY%7CP1%7CH1%7CL0%7CCH1%7CR0%7CTBC0&itinerary_key=VR27uDKawvF2Hpj8OaLKzQ&destination_airports=0&expected_price_source=share&expected_price_currency=usd&expected_price=236&marker=747646,,
2026-08-12T07:15:42.596117+00:00,TAS,BKK,Tashkent -> Bangkok,221,https://www.aviasales.com/search/TAS3009BKK1?t=HY17907744001790803800000370TASBKK_a428695b15ec8aa4444a88f64238ebf5_18205&search_date=12082026&expected_price_uuid=019ff496-836b-8051-2a39-0ed0ace5dca9&static_fare_key=TY%7CP1%7CH1%7CL0%7CCH0%7CR0%7CTBC0&itinerary_key=ByocNfAsuyqSdBQOASamaQ&expected_price_source=share&expected_price_currency=usd&expected_price=221&marker=747646,,
2026-08-12T07:15:42.596117+00:00,SKD,MOW,Samarkand -> Moscow,77,https://www.aviasales.com/search/SKD3012MOW1?t=DP17986029001798611300000260SKDVKO_a6308afb2f415fd98ff96555420f4c7d_6311&search_date=12082026&expected_price_uuid=019ff397-16e2-8040-2350-b0e407f911ec&static_fare_key=TY%7CP0%7CH1%7CL0%7CCH0%7CR0%7CTBC0&itinerary_key=9SSenQy05MZww_DtFmxd_Q&expected_price_source=share&expected_price_currency=usd&expected_price=77&marker=747646,,
2026-08-12T07:15:42.596117+00:00,TAS,BCN,Tashkent -> Barcelona,208,https://www.aviasales.com/search/TAS2911BCN1?t=5F17959398001796048400002050TASRMOBCN_cb2f19dfcba3e81264e88f041a30bf59_17273&search_date=07082026&expected_price_uuid=019fdaea-81a5-8051-20c8-e9745c443421&static_fare_key=TY%7CP1%7CH0%7CL0%7CCH0%7CR0%7CTBC0&itinerary_key=fRNuV7V7q7nlzViCSGNdnA&expected_price_source=share&expected_price_currency=usd&expected_price=208&marker=747646,,
2026-08-12T07:15:42.596117+00:00,TAS,VCE,Tashkent -> Venice,174,https://www.aviasales.com/search/TAS0411VCE1?t=W617937948001793861400001350TASEVNVCE_e83c744711186fae19d87424dd485fc4_14208&search_date=09082026&expected_price_uuid=019fe63d-6d9d-8030-62ed-1126231471b9&static_fare_key=TY%7CP1%7CH0%7CL0%7CCH0%7CR0%7CTBC0&itinerary_key=vvTmVyuTc5Tuo7OkrweryA&expected_price_source=share&expected_price_currency=usd&expected_price=174&marker=747646,,
2026-08-12T07:15:42.596117+00:00,TAS,LON,Tashkent -> London,172,https://www.aviasales.com/search/TAS0711LON1?t=VF17940516001794138300001745TASBSZSAWSTN_72fe0edc351c466b97370eae2cb2fec0_14166&search_date=12082026&expected_price_uuid=019ff3ed-d258-8030-60c0-165e9fe2bf80&static_fare_key=TY%7CP0%7CH0%7CL0%7CCH0%7CR0%7CTBC0&itinerary_key=9VSbLNsSMUgYj7wOgdKHfQ&expected_price_source=share&expected_price_currency=usd&expected_price=172&marker=747646,,
2026-08-13T07:17:35.405655+00:00,TAS,IST,Tashkent -> Istanbul,163,https://www.aviasales.com/search/TAS2710IST1?t=XQ17930754001793133600001090TASADBSAW_4d999e9121418bd916a17e87124432ef_13479&search_date=13082026&expected_price_uuid=019ff93c-8272-8030-6c78-83b28e87fcc8&static_fare_key=TY%7CP1%7CH0%7CL1_1_15%7CCH0%7CR0%7CTBC1&itinerary_key=qFif1HDhflsY6-vMGW1XjQ&expected_price_source=share&expected_price_currency=usd&expected_price=163&marker=747646,,
2026-08-13T07:17:35.405655+00:00,TAS,DXB,Tashkent -> Dubai,142,https://www.aviasales.com/search/TAS2008DXB1?t=HY17872119001787223600000255TASDXB_6aceebc18258fe3b6fa167fed994c803_11749&search_date=13082026&expected_price_uuid=019ff9d9-9689-8050-edfb-795dca8c0ec1&static_fare_key=TY%7CP1%7CH1%7CL0%7CCH0%7CR0%7CTBC0&itinerary_key=8H7vXuBcwL_rbrL3zv8muA&expected_price_source=share&expected_price_currency=usd&expected_price=142&marker=747646,,
2026-08-13T07:17:35.405655+00:00,TAS,ICN,Tashkent -> Seoul,235,https://www.aviasales.com/search/TAS0303ICN1?t=HH18041088001804147200000400TASICN_fd34750a401f74a2f7d97cdcfbb8bddb_19483&search_date=12082026&expected_price_uuid=019ff557-7032-8051-2e58-3ad756ae9d5a&static_fare_key=TY%7CP1%7CH1%7CL0%7CCH1%7CR0%7CTBC0&itinerary_key=VR27uDKawvF2Hpj8OaLKzQ&destination_airports=0&expected_price_source=share&expected_price_currency=usd&expected_price=235&marker=747646,,
2026-08-13T07:17:35.405655+00:00,TAS,BKK,Tashkent -> Bangkok,220,https://www.aviasales.com/search/TAS2608BKK1?t=HY17877504001787779800000370TASBKK_765ddf33e091fa41c87ae7f2d496081d_18202&search_date=13082026&expected_price_uuid=019ff9f9-5215-8050-258f-4d30a9ac3200&static_fare_key=TY%7CP1%7CH1%7CL0%7CCH0%7CR0%7CTBC0&itinerary_key=ByocNfAsuyqSdBQOASamaQ&expected_price_source=share&expected_price_currency=usd&expected_price=220&marker=747646,,
2026-08-13T07:17:35.405655+00:00,SKD,MOW,Samarkand -> Moscow,77,https://www.aviasales.com/search/SKD1707MOW1?t=HH18158244001815855600000640SKDTASVKO_9ef9ddad1986ab4249e540119eefca94_6351&search_date=10082026&expected_price_uuid=019feb6e-9c7b-8030-245b-bd12b7e7c5df&static_fare_key=TY%7CP1%7CH1%7CL1_1_23%7CCH0%7CR0%7CTBC1&itinerary_key=zQC9v6wjzk_zzn7pCmxbNA&expected_price_source=share&expected_price_currency=usd&expected_price=77&marker=747646,,
2026-08-13T07:17:35.405655+00:00,TAS,BCN,Tashkent -> Barcelona,208,https://www.aviasales.com/search/TAS2911BCN1?t=5F17959398001796048400002050TASRMOBCN_cb2f19dfcba3e81264e88f041a30bf59_17273&search_date=07082026&expected_price_uuid=019fdaea-81a5-8051-20c8-e9745c443421&static_fare_key=TY%7CP1%7CH0%7CL0%7CCH0%7CR0%7CTBC0&itinerary_key=fRNuV7V7q7nlzViCSGNdnA&expected_price_source=share&expected_price_currency=usd&expected_price=208&marker=747646,,
2026-08-13T07:17:35.405655+00:00,TAS,VCE,Tashkent -> Venice,174,https://www.aviasales.com/search/TAS0411VCE1?t=W617937948001793861400001350TASEVNVCE_e83c744711186fae19d87424dd485fc4_14208&search_date=09082026&expected_price_uuid=019fe63d-6d9d-8030-62ed-1126231471b9&static_fare_key=TY%7CP1%7CH0%7CL0%7CCH0%7CR0%7CTBC0&itinerary_key=vvTmVyuTc5Tuo7OkrweryA&expected_price_source=share&expected_price_currency=usd&expected_price=174&marker=747646,,
2026-08-13T07:17:35.405655+00:00,TAS,LON,Tashkent -> London,173,https://www.aviasales.com/search/TAS0711LON1?t=VF17940516001794138300001745TASBSZSAWSTN_72fe0edc351c466b97370eae2cb2fec0_14331&search_date=13082026&expected_price_uuid=019ff8cd-cf43-8030-6ce2-2c6c9ad12377&static_fare_key=TY%7CP0%7CH0%7CL0%7CCH0%7CR0%7CTBC0&itinerary_key=9VSbLNsSMUgYj7wOgdKHfQ&expected_price_source=share&expected_price_currency=usd&expected_price=173&marker=747646,,
2026-08-14T07:15:46.155949+00:00,TAS,IST,Tashkent -> Istanbul,161,https://www.aviasales.com/search/TAS2603IST1?t=C618060864001806099600000340TASIST_472a155b7e0fe56a4ec482af1489b54e_13489&search_date=13082026&expected_price_uuid=019ffa81-8f0a-8050-649d-5b4e7a850af2&static_fare_key=TY%7CP1%7CH0%7CL0%7CCH0%7CR0%7CTBC0&itinerary_key=1FoTmk0NzIAtNncDebXxVQ&expected_price_source=share&expected_price_currency=usd&expected_price=161&marker=747646,,
2026-08-14T07:15:46.155949+00:00,TAS,DXB,Tashkent -> Dubai,142,https://www.aviasales.com/search/TAS1808DXB1?t=HY17870391001787050800000255TASDXB_650ab47cb644d34882ab2f3e381792e6_11789&search_date=14082026&expected_price_uuid=019ffefa-0bef-8030-66e9-b794cc7ef8aa&static_fare_key=TY%7CP1%7CH1%7CL0%7CCH0%7CR0%7CTBC0&itinerary_key=8H7vXuBcwL_rbrL3zv8muA&expected_price_source=share&expected_price_currency=usd&expected_price=142&marker=747646,,
2026-08-14T07:15:46.155949+00:00,TAS,ICN,Tashkent -> Seoul,235,https://www.aviasales.com/search/TAS0303ICN1?t=HH18041088001804147200000400TASICN_fd34750a401f74a2f7d97cdcfbb8bddb_19483&search_date=12082026&expected_price_uuid=019ff557-7032-8051-2e58-3ad756ae9d5a&static_fare_key=TY%7CP1%7CH1%7CL0%7CCH1%7CR0%7CTBC0&itinerary_key=VR27uDKawvF2Hpj8OaLKzQ&destination_airports=0&expected_price_source=share&expected_price_currency=usd&expected_price=235&marker=747646,,
2026-08-14T07:15:46.155949+00:00,TAS,BKK,Tashkent -> Bangkok,220,https://www.aviasales.com/search/TAS3108BKK1?t=HY17882172001788246600000370TASBKK_60b87b56f1dfd02efd0fc86d6d13d886_18298&search_date=14082026&expected_price_uuid=019ffe81-2783-8030-6507-a0592f114336&static_fare_key=TY%7CP0%7CH1%7CL0%7CCH0%7CR0%7CTBC0&itinerary_key=t4irZVdZeLbFaojYDTsNow&expected_price_source=share&expected_price_currency=usd&expected_price=220&marker=747646,,
2026-08-14T07:15:46.155949+00:00,SKD,MOW,Samarkand -> Moscow,77,https://www.aviasales.com/search/SKD1707MOW1?t=HH18158244001815855600000640SKDTASVKO_9ef9ddad1986ab4249e540119eefca94_6351&search_date=10082026&expected_price_uuid=019feb6e-9c7b-8030-245b-bd12b7e7c5df&static_fare_key=TY%7CP1%7CH1%7CL1_1_23%7CCH0%7CR0%7CTBC1&itinerary_key=zQC9v6wjzk_zzn7pCmxbNA&expected_price_source=share&expected_price_currency=usd&expected_price=77&marker=747646,,
2026-08-14T07:15:46.155949+00:00,TAS,BCN,Tashkent -> Barcelona,224,https://www.aviasales.com/search/TAS0612BCN1?t=5F17965446001796653200002050TASRMOBCN_40c21b84ef282914f2c62870690ebb28_18567&search_date=12082026&expected_price_uuid=019ff69c-8c1e-8030-e37a-35870e5e6fed&static_fare_key=TY%7CP1%7CH0%7CL0%7CCH0%7CR0%7CTBC0&itinerary_key=fRNuV7V7q7nlzViCSGNdnA&expected_price_source=share&expected_price_currency=usd&expected_price=224&marker=747646,,
2026-08-14T07:15:46.155949+00:00,TAS,VCE,Tashkent -> Venice,174,https://www.aviasales.com/search/TAS0411VCE1?t=W617937948001793861400001350TASEVNVCE_e83c744711186fae19d87424dd485fc4_14208&search_date=09082026&expected_price_uuid=019fe63d-6d9d-8030-62ed-1126231471b9&static_fare_key=TY%7CP1%7CH0%7CL0%7CCH0%7CR0%7CTBC0&itinerary_key=vvTmVyuTc5Tuo7OkrweryA&expected_price_source=share&expected_price_currency=usd&expected_price=174&marker=747646,,
2026-08-14T07:15:46.155949+00:00,TAS,LON,Tashkent -> London,183,https://www.aviasales.com/search/TAS0711LON1?t=VF17940516001794138300001745TASBSZSAWSTN_72fe0edc351c466b97370eae2cb2fec0_15197&search_date=14082026&expected_price_uuid=019fff0b-7b97-8040-6089-50d43c72f1f7&static_fare_key=TY%7CP0%7CH0%7CL0%7CCH0%7CR0%7CTBC0&itinerary_key=9VSbLNsSMUgYj7wOgdKHfQ&expected_price_source=share&expected_price_currency=usd&expected_price=183&marker=747646,,
2026-08-15T06:26:32.547080+00:00,TAS,IST,Tashkent -> Istanbul,161,https://www.aviasales.com/search/TAS2603IST1?t=C618060864001806099600000340TASIST_472a155b7e0fe56a4ec482af1489b54e_13558&search_date=15082026&expected_price_uuid=01a003b9-0fca-8030-e81f-0fa16e215f6f&static_fare_key=TY%7CP0%7CH0%7CL0%7CCH0%7CR0%7CTBC0&itinerary_key=1FoTmk0NzIAtNncDebXxVQ&expected_price_source=share&expected_price_currency=usd&expected_price=161&marker=747646,,
2026-08-15T06:26:32.547080+00:00,TAS,DXB,Tashkent -> Dubai,163,https://www.aviasales.com/search/TAS1608SHJ1?t=G917868516001786863000000250TASSHJ_814f6b3c1c544350fe582a7b4ee05127_13700&search_date=15082026&expected_price_uuid=01a00415-0339-8030-aacc-a2abff5122a2&static_fare_key=TY%7CP0%7CH1%7CL0%7CCH1%7CR0%7CTBC0&itinerary_key=v011RXAefZhCMLFdPEs5Nw&expected_price_source=share&expected_price_currency=usd&expected_price=163&marker=747646,,
2026-08-15T06:26:32.547080+00:00,TAS,ICN,Tashkent -> Seoul,235,https://www.aviasales.com/search/TAS0303ICN1?t=HH18041088001804147200000400TASICN_fd34750a401f74a2f7d97cdcfbb8bddb_19483&search_date=12082026&expected_price_uuid=019ff557-7032-8051-2e58-3ad756ae9d5a&static_fare_key=TY%7CP1%7CH1%7CL0%7CCH1%7CR0%7CTBC0&itinerary_key=VR27uDKawvF2Hpj8OaLKzQ&destination_airports=0&expected_price_source=share&expected_price_currency=usd&expected_price=235&marker=747646,,
2026-08-15T06:26:32.547080+00:00,TAS,BKK,Tashkent -> Bangkok,220,https://www.aviasales.com/search/TAS1908BKK1?t=HY17871456001787175000000370TASBKK_cd13e1d1e80c41f13b1fa8c9e93e3674_18487&search_date=15082026&expected_price_uuid=01a00396-1334-8030-ec8d-c104f53ae437&static_fare_key=TY%7CP0%7CH1%7CL0%7CCH0%7CR0%7CTBC0&itinerary_key=ByocNfAsuyqSdBQOASamaQ&expected_price_source=share&expected_price_currency=usd&expected_price=220&marker=747646,,
2026-08-15T06:26:32.547080+00:00,SKD,MOW,Samarkand -> Moscow,81,https://www.aviasales.com/search/SKD2907MOW1?t=HH18168444001816906500001155SKDTASVKO_7f6118bfcd1d9c513e62099098e2adde_6835&search_date=14082026&expected_price_uuid=01a0020b-ae7e-8050-a1aa-b64de14cbc19&static_fare_key=TY%7CP1%7CH1%7CL0%7CCH0%7CR0%7CTBC0&itinerary_key=_-Lt-uL20O50LxpUclNKGw&expected_price_source=share&expected_price_currency=usd&expected_price=81&marker=747646,,
2026-08-15T06:26:32.547080+00:00,TAS,BCN,Tashkent -> Barcelona,224,https://www.aviasales.com/search/TAS0612BCN1?t=5F17965446001796653200002050TASRMOBCN_40c21b84ef282914f2c62870690ebb28_18567&search_date=12082026&expected_price_uuid=019ff69c-8c1e-8030-e37a-35870e5e6fed&static_fare_key=TY%7CP1%7CH0%7CL0%7CCH0%7CR0%7CTBC0&itinerary_key=fRNuV7V7q7nlzViCSGNdnA&expected_price_source=share&expected_price_currency=usd&expected_price=224&marker=747646,,
2026-08-15T06:26:32.547080+00:00,TAS,VCE,Tashkent -> Venice,174,https://www.aviasales.com/search/TAS0411VCE1?t=W617937948001793861400001350TASEVNVCE_e83c744711186fae19d87424dd485fc4_14208&search_date=09082026&expected_price_uuid=019fe63d-6d9d-8030-62ed-1126231471b9&static_fare_key=TY%7CP1%7CH0%7CL0%7CCH0%7CR0%7CTBC0&itinerary_key=vvTmVyuTc5Tuo7OkrweryA&expected_price_source=share&expected_price_currency=usd&expected_price=174&marker=747646,,
2026-08-15T06:26:32.547080+00:00,TAS,LON,Tashkent -> London,186,https://www.aviasales.com/search/TAS0711LON1?t=VF17940516001794137400001730TASBSZSAWSTN_cf8b6920cac0adbcf57809ed63906bc6_15652&search_date=15082026&expected_price_uuid=01a00322-9566-8030-2721-ef54dbf0d8d7&static_fare_key=TY%7CP0%7CH0%7CL0%7CCH0%7CR0%7CTBC0&itinerary_key=v8OpB5j8JIx-GN2QEAxlZQ&expected_price_source=share&expected_price_currency=usd&expected_price=186&marker=747646,,
2026-08-16T06:28:33.158827+00:00,TAS,IST,Tashkent -> Istanbul,161,https://www.aviasales.com/search/TAS2603IST1?t=C618060864001806099600000340TASIST_472a155b7e0fe56a4ec482af1489b54e_13528&search_date=15082026&expected_price_uuid=01a00715-dd27-8030-63be-6ebaff8f4917&static_fare_key=TY%7CP0%7CH0%7CL0%7CCH0%7CR0%7CTBC0&itinerary_key=1FoTmk0NzIAtNncDebXxVQ&expected_price_source=share&expected_price_currency=usd&expected_price=161&marker=747646,,
2026-08-16T06:28:33.158827+00:00,TAS,DXB,Tashkent -> Dubai,166,https://www.aviasales.com/search/TAS1909SHJ1?t=G917897883001789797300000210TASSHJ_1dfa6b0387565ff6d66635c9a44aedb8_13955&search_date=16082026&expected_price_uuid=01a00849-f858-8050-ef21-d549b2d195e1&static_fare_key=TY%7CP1%7CH1%7CL0%7CCH1%7CR0%7CTBC0&itinerary_key=IRE3lxaQa9d4J22ZALr1cg&expected_price_source=share&expected_price_currency=usd&expected_price=166&marker=747646,,
2026-08-16T06:28:33.158827+00:00,TAS,ICN,Tashkent -> Seoul,226,https://www.aviasales.com/search/TAS2802ICN1?t=HH18038496001803888000000400TASICN_30ff4a804605acadf7f20f1f378e4bdd_19014&search_date=15082026&expected_price_uuid=01a006ba-efd4-8030-6847-1598b253ea66&static_fare_key=TY%7CP1%7CH1%7CL0%7CCH1%7CR0%7CTBC0&itinerary_key=VR27uDKawvF2Hpj8OaLKzQ&destination_airports=0&expected_price_source=share&expected_price_currency=usd&expected_price=226&marker=747646,,
2026-08-16T06:28:33.158827+00:00,TAS,BKK,Tashkent -> Bangkok,220,https://www.aviasales.com/search/TAS2309BKK1?t=HY17901696001790199000000370TASBKK_b4ea496cabd2b42263119731e0c5c047_18487&search_date=16082026&expected_price_uuid=01a0080f-a98e-8030-a449-ba37c5071db9&static_fare_key=TY%7CP0%7CH1%7CL0%7CCH0%7CR0%7CTBC0&itinerary_key=ByocNfAsuyqSdBQOASamaQ&expected_price_source=share&expected_price_currency=usd&expected_price=220&marker=747646,,
2026-08-16T06:28:33.158827+00:00,SKD,MOW,Samarkand -> Moscow,80,https://www.aviasales.com/search/SKD2707MOW1?t=HH18167097001816718700000270SKDVKO_6530698cc7b3330e2589a26768a791c7_6526&search_date=10082026&expected_price_uuid=019fe98e-4823-8030-60ac-99bd28e6100c&static_fare_key=TY%7CP0%7CH1%7CL1_1_23%7CCH0%7CR0%7CTBC1&itinerary_key=ci6kVpJb87d5-QHzJ3NdKA&expected_price_source=share&expected_price_currency=usd&expected_price=80&marker=747646,,
2026-08-16T06:28:33.158827+00:00,TAS,BCN,Tashkent -> Barcelona,224,https://www.aviasales.com/search/TAS0612BCN1?t=5F17965446001796653200002050TASRMOBCN_40c21b84ef282914f2c62870690ebb28_18567&search_date=12082026&expected_price_uuid=019ff69c-8c1e-8030-e37a-35870e5e6fed&static_fare_key=TY%7CP1%7CH0%7CL0%7CCH0%7CR0%7CTBC0&itinerary_key=fRNuV7V7q7nlzViCSGNdnA&expected_price_source=share&expected_price_currency=usd&expected_price=224&marker=747646,,
2026-08-16T06:28:33.158827+00:00,TAS,VCE,Tashkent -> Venice,174,https://www.aviasales.com/search/TAS0411VCE1?t=W617937948001793861400001350TASEVNVCE_e83c744711186fae19d87424dd485fc4_14208&search_date=09082026&expected_price_uuid=019fe63d-6d9d-8030-62ed-1126231471b9&static_fare_key=TY%7CP1%7CH0%7CL0%7CCH0%7CR0%7CTBC0&itinerary_key=vvTmVyuTc5Tuo7OkrweryA&expected_price_source=share&expected_price_currency=usd&expected_price=174&marker=747646,,
2026-08-16T06:28:33.158827+00:00,TAS,LON,Tashkent -> London,176,https://www.aviasales.com/search/TAS0711LON1?t=VF17940516001794137400001730TASBSZSAWSTN_cf8b6920cac0adbcf57809ed63906bc6_14743&search_date=16082026&expected_price_uuid=01a00922-c87b-8030-a620-21e55a251b43&static_fare_key=TY%7CP1%7CH0%7CL0%7CCH0%7CR0%7CTBC0&itinerary_key=v8OpB5j8JIx-GN2QEAxlZQ&expected_price_source=share&expected_price_currency=usd&expected_price=176&marker=747646,,
2026-08-17T06:40:51.869587+00:00,TAS,IST,Tashkent -> Istanbul,161,https://www.aviasales.com/search/TAS2603IST1?t=C618060864001806099600000340TASIST_472a155b7e0fe56a4ec482af1489b54e_13528&search_date=16082026&expected_price_uuid=01a00ac0-39d4-8030-e040-aa7124c1dfd9&static_fare_key=TY%7CP0%7CH0%7CL0%7CCH0%7CR0%7CTBC0&itinerary_key=1FoTmk0NzIAtNncDebXxVQ&expected_price_source=share&expected_price_currency=usd&expected_price=161&marker=747646,,
2026-08-17T06:40:51.869587+00:00,TAS,DXB,Tashkent -> Dubai,133,https://www.aviasales.com/search/TAS2108DXB1?t=C617872986001787309700000245TASDXB_ac53ec755fd8fa484348201aadd1ea9d_11189&search_date=17082026&expected_price_uuid=01a00e72-effa-8030-e2b0-359114451a98&static_fare_key=TY%7CP1%7CH1%7CL0%7CCH0%7CR0%7CTBC0&itinerary_key=CslG_QugSi_nhAv0NlXuSw&expected_price_source=share&expected_price_currency=usd&expected_price=133&marker=747646,,
2026-08-17T06:40:51.869587+00:00,TAS,ICN,Tashkent -> Seoul,233,https://www.aviasales.com/search/TAS1809ICN1?t=C617896914001789730700000415TASICN_1d1dd477ec3215af74c6e1e29794fa76_19551&search_date=17082026&expected_price_uuid=01a00e4b-d5ab-8051-2612-d606f0bc68c2&static_fare_key=TY%7CP1%7CH1%7CL0%7CCH0%7CR0%7CTBC0&itinerary_key=n6dgGqnbYKEj3ZthTu39NQ&destination_airports=0&expected_price_source=share&expected_price_currency=usd&expected_price=233&marker=747646,,
2026-08-17T06:40:51.869587+00:00,TAS,BKK,Tashkent -> Bangkok,220,https://www.aviasales.com/search/TAS2309BKK1?t=HY17901696001790199000000370TASBKK_b4ea496cabd2b42263119731e0c5c047_18487&search_date=17082026&expected_price_uuid=01a00d28-2264-8030-a635-84f84b68ea8e&static_fare_key=TY%7CP0%7CH1%7CL0%7CCH0%7CR0%7CTBC0&itinerary_key=ByocNfAsuyqSdBQOASamaQ&expected_price_source=share&expected_price_currency=usd&expected_price=220&marker=747646,,
2026-08-17T06:40:51.869587+00:00,SKD,MOW,Samarkand -> Moscow,77,https://www.aviasales.com/search/SKD0105MOW1?t=HH18091716001809202800000640SKDTASVKO_3a185dc52921d928ed9ffb871c5b01e5_6441&search_date=16082026&expected_price_uuid=01a00b1e-471e-8030-a5a9-451509930cc6&static_fare_key=TY%7CP0%7CH1%7CL1_1_23%7CCH0%7CR0%7CTBC1&itinerary_key=zQC9v6wjzk_zzn7pCmxbNA&expected_price_source=share&expected_price_currency=usd&expected_price=77&marker=747646,,
2026-08-17T06:40:51.869587+00:00,TAS,BCN,Tashkent -> Barcelona,224,https://www.aviasales.com/search/TAS0612BCN1?t=5F17965446001796653200002050TASRMOBCN_40c21b84ef282914f2c62870690ebb28_18567&search_date=12082026&expected_price_uuid=019ff69c-8c1e-8030-e37a-35870e5e6fed&static_fare_key=TY%7CP1%7CH0%7CL0%7CCH0%7CR0%7CTBC0&itinerary_key=fRNuV7V7q7nlzViCSGNdnA&expected_price_source=share&expected_price_currency=usd&expected_price=224&marker=747646,,
2026-08-17T06:40:51.869587+00:00,TAS,VCE,Tashkent -> Venice,183,https://www.aviasales.com/search/TAS0411VCE1?t=W617937948001793861400001350TASEVNVCE_e83c744711186fae19d87424dd485fc4_15383&search_date=16082026&expected_price_uuid=01a00b47-635e-8030-e14b-d9fb1ecea3ac&static_fare_key=TY%7CP1%7CH0%7CL0%7CCH0%7CR0%7CTBC0&itinerary_key=vvTmVyuTc5Tuo7OkrweryA&expected_price_source=share&expected_price_currency=usd&expected_price=183&marker=747646,,
2026-08-17T06:40:51.869587+00:00,TAS,LON,Tashkent -> London,172,https://www.aviasales.com/search/TAS0711LON1?t=VF17940516001794137400001730TASBSZSAWSTN_cf8b6920cac0adbcf57809ed63906bc6_14467&search_date=17082026&expected_price_uuid=01a00dd4-6313-8030-ae9b-619534bba151&static_fare_key=TY%7CP0%7CH0%7CL0%7CCH0%7CR0%7CTBC0&itinerary_key=v8OpB5j8JIx-GN2QEAxlZQ&expected_price_source=share&expected_price_currency=usd&expected_price=172&marker=747646,,
2026-08-18T06:32:16.283983+00:00,TAS,IST,Tashkent -> Istanbul,161,https://www.aviasales.com/search/TAS2603IST1?t=C618060864001806099600000340TASIST_472a155b7e0fe56a4ec482af1489b54e_13643&search_date=17082026&expected_price_uuid=01a01228-9785-8030-63e2-eed5b42cf8b6&static_fare_key=TY%7CP0%7CH0%7CL0%7CCH0%7CR0%7CTBC0&itinerary_key=1FoTmk0NzIAtNncDebXxVQ&expected_price_source=share&expected_price_currency=usd&expected_price=161&marker=747646,,
2026-08-18T06:32:16.283983+00:00,TAS,DXB,Tashkent -> Dubai,142,https://www.aviasales.com/search/TAS2008DXB1?t=HY17872119001787223600000255TASDXB_6aceebc18258fe3b6fa167fed994c803_12078&search_date=18082026&expected_price_uuid=01a0135e-a38a-8050-2190-3a1f1b48ac91&static_fare_key=TY%7CP1%7CH1%7CL0%7CCH0%7CR0%7CTBC0&itinerary_key=8H7vXuBcwL_rbrL3zv8muA&expected_price_source=share&expected_price_currency=usd&expected_price=142&marker=747646,,
2026-08-18T06:32:16.283983+00:00,TAS,ICN,Tashkent -> Seoul,234,https://www.aviasales.com/search/TAS0303ICN1?t=HH18041088001804147200000400TASICN_fd34750a401f74a2f7d97cdcfbb8bddb_19919&search_date=17082026&expected_price_uuid=01a01112-0f85-8050-a64f-25e1563a93ea&static_fare_key=TY%7CP1%7CH1%7CL0%7CCH1%7CR0%7CTBC0&itinerary_key=VR27uDKawvF2Hpj8OaLKzQ&destination_airports=0&expected_price_source=share&expected_price_currency=usd&expected_price=234&marker=747646,,
2026-08-18T06:32:16.283983+00:00,TAS,BKK,Tashkent -> Bangkok,220,https://www.aviasales.com/search/TAS1908BKK1?t=HY17871456001787175000000370TASBKK_cd13e1d1e80c41f13b1fa8c9e93e3674_18676&search_date=18082026&expected_price_uuid=01a01386-a262-8050-2093-829f90bddb25&static_fare_key=TY%7CP1%7CH1%7CL0%7CCH0%7CR0%7CTBC0&itinerary_key=ByocNfAsuyqSdBQOASamaQ&expected_price_source=share&expected_price_currency=usd&expected_price=220&marker=747646,,
2026-08-18T06:32:16.283983+00:00,SKD,MOW,Samarkand -> Moscow,77,https://www.aviasales.com/search/SKD1007MOW1?t=HH18152196001815250800000640SKDTASVKO_87f5ce3ed1579f0e2e4895c3ddfa63a6_6514&search_date=17082026&expected_price_uuid=01a01105-2e9a-8030-29d5-6665a9182b74&static_fare_key=TY%7CP1%7CH1%7CL1_1_23%7CCH0%7CR0%7CTBC1&itinerary_key=zQC9v6wjzk_zzn7pCmxbNA&expected_price_source=share&expected_price_currency=usd&expected_price=77&marker=747646,,
2026-08-18T06:32:16.283983+00:00,TAS,BCN,Tashkent -> Barcelona,224,https://www.aviasales.com/search/TAS0612BCN1?t=5F17965446001796653200002050TASRMOBCN_40c21b84ef282914f2c62870690ebb28_18567&search_date=12082026&expected_price_uuid=019ff69c-8c1e-8030-e37a-35870e5e6fed&static_fare_key=TY%7CP1%7CH0%7CL0%7CCH0%7CR0%7CTBC0&itinerary_key=fRNuV7V7q7nlzViCSGNdnA&expected_price_source=share&expected_price_currency=usd&expected_price=224&marker=747646,,
2026-08-18T06:32:16.283983+00:00,TAS,VCE,Tashkent -> Venice,183,https://www.aviasales.com/search/TAS0411VCE1?t=W617937948001793861400001350TASEVNVCE_e83c744711186fae19d87424dd485fc4_15383&search_date=16082026&expected_price_uuid=01a00b47-635e-8030-e14b-d9fb1ecea3ac&static_fare_key=TY%7CP1%7CH0%7CL0%7CCH0%7CR0%7CTBC0&itinerary_key=vvTmVyuTc5Tuo7OkrweryA&expected_price_source=share&expected_price_currency=usd&expected_price=183&marker=747646,,
2026-08-18T06:32:16.283983+00:00,TAS,LON,Tashkent -> London,175,https://www.aviasales.com/search/TAS0711LON1?t=VF17940516001794137400001730TASBSZSAWSTN_cf8b6920cac0adbcf57809ed63906bc6_14843&search_date=18082026&expected_price_uuid=01a012c7-115b-8030-2842-2a29b0b6db11&static_fare_key=TY%7CP1%7CH0%7CL0%7CCH0%7CR0%7CTBC0&itinerary_key=v8OpB5j8JIx-GN2QEAxlZQ&expected_price_source=share&expected_price_currency=usd&expected_price=175&marker=747646,,
2026-08-19T06:33:05.668371+00:00,TAS,IST,Tashkent -> Istanbul,160,https://www.aviasales.com/search/TAS2603IST1?t=C618060864001806099600000340TASIST_472a155b7e0fe56a4ec482af1489b54e_13643&search_date=18082026&expected_price_uuid=01a014f9-498e-8030-6402-3e84fdab22ce&static_fare_key=TY%7CP0%7CH0%7CL0%7CCH0%7CR0%7CTBC0&itinerary_key=1FoTmk0NzIAtNncDebXxVQ&expected_price_source=share&expected_price_currency=usd&expected_price=160&marker=747646,,
2026-08-19T06:33:05.668371+00:00,TAS,DXB,Tashkent -> Dubai,144,https://www.aviasales.com/search/TAS2009SHJ1?t=G917899134001789922400000210TASSHJ_6e3113f7019d25f28560415561d9dc73_12267&search_date=19082026&expected_price_uuid=01a0183e-6a00-8050-e5fa-b4ca66f4e17b&static_fare_key=TY%7CP1%7CH1%7CL0%7CCH1%7CR0%7CTBC0&itinerary_key=LcN-EnTFeZQPAgpg3UYSpA&expected_price_source=share&expected_price_currency=usd&expected_price=144&marker=747646,,
2026-08-19T06:33:05.668371+00:00,TAS,ICN,Tashkent -> Seoul,231,https://www.aviasales.com/search/TAS2602ICN1?t=HH18036768001803715200000400TASICN_6e1b05243099e0751b823ae80e64f1f6_19639&search_date=18082026&expected_price_uuid=01a016b7-b896-8030-ee53-ed1553f4b9f4&static_fare_key=TY%7CP1%7CH1%7CL0%7CCH1%7CR0%7CTBC0&itinerary_key=VR27uDKawvF2Hpj8OaLKzQ&destination_airports=0&expected_price_source=share&expected_price_currency=usd&expected_price=231&marker=747646,,
2026-08-19T06:33:05.668371+00:00,TAS,BKK,Tashkent -> Bangkok,189,https://www.aviasales.com/search/TAS0110BKK1?t=C617908857001790917200000405TASBKK_d719b11fc3811132f94266edeb3f0cfc_16053&search_date=19082026&expected_price_uuid=01a018a0-d3ce-8050-2a7f-5e35470d01e6&static_fare_key=TY%7CP1%7CH0%7CL0%7CCH0%7CR0%7CTBC0&itinerary_key=yw96POh7r7hpKXU6BByHmw&expected_price_source=share&expected_price_currency=usd&expected_price=189&marker=747646,,
2026-08-19T06:33:05.668371+00:00,SKD,MOW,Samarkand -> Moscow,77,https://www.aviasales.com/search/SKD1007MOW1?t=HH18152196001815250800000640SKDTASVKO_87f5ce3ed1579f0e2e4895c3ddfa63a6_6514&search_date=17082026&expected_price_uuid=01a01105-2e9a-8030-29d5-6665a9182b74&static_fare_key=TY%7CP1%7CH1%7CL1_1_23%7CCH0%7CR0%7CTBC1&itinerary_key=zQC9v6wjzk_zzn7pCmxbNA&expected_price_source=share&expected_price_currency=usd&expected_price=77&marker=747646,,
2026-08-19T06:33:05.668371+00:00,TAS,BCN,Tashkent -> Barcelona,224,https://www.aviasales.com/search/TAS0612BCN1?t=5F17965446001796653200002050TASRMOBCN_40c21b84ef282914f2c62870690ebb28_18567&search_date=12082026&expected_price_uuid=019ff69c-8c1e-8030-e37a-35870e5e6fed&static_fare_key=TY%7CP1%7CH0%7CL0%7CCH0%7CR0%7CTBC0&itinerary_key=fRNuV7V7q7nlzViCSGNdnA&expected_price_source=share&expected_price_currency=usd&expected_price=224&marker=747646,,
2026-08-19T06:33:05.668371+00:00,TAS,VCE,Tashkent -> Venice,183,https://www.aviasales.com/search/TAS0411VCE1?t=W617937948001793861400001350TASEVNVCE_e83c744711186fae19d87424dd485fc4_15383&search_date=16082026&expected_price_uuid=01a00b47-635e-8030-e14b-d9fb1ecea3ac&static_fare_key=TY%7CP1%7CH0%7CL0%7CCH0%7CR0%7CTBC0&itinerary_key=vvTmVyuTc5Tuo7OkrweryA&expected_price_source=share&expected_price_currency=usd&expected_price=183&marker=747646,,
2026-08-19T06:33:05.668371+00:00,TAS,LON,Tashkent -> London,171,https://www.aviasales.com/search/TAS0711LON1?t=VF17940516001794137400001730TASBSZSAWSTN_cf8b6920cac0adbcf57809ed63906bc6_14528&search_date=19082026&expected_price_uuid=01a01799-542f-8030-eb29-2309c1ae8c6a&static_fare_key=TY%7CP0%7CH0%7CL0%7CCH0%7CR0%7CTBC0&itinerary_key=v8OpB5j8JIx-GN2QEAxlZQ&expected_price_source=share&expected_price_currency=usd&expected_price=171&marker=747646,,
2026-08-20T06:35:15.455564+00:00,TAS,IST,Tashkent -> Istanbul,162,https://www.aviasales.com/search/TAS2603IST1?t=C618060864001806099600000340TASIST_472a155b7e0fe56a4ec482af1489b54e_13755&search_date=19082026&expected_price_uuid=01a01a1f-54ea-8030-2d03-cf1e2b84e32d&static_fare_key=TY%7CP0%7CH0%7CL0%7CCH0%7CR0%7CTBC0&itinerary_key=1FoTmk0NzIAtNncDebXxVQ&expected_price_source=share&expected_price_currency=usd&expected_price=162&marker=747646,,
2026-08-20T06:35:15.455564+00:00,TAS,DXB,Tashkent -> Dubai,147,https://www.aviasales.com/search/TAS0909SHJ1?t=G917889630001788972000000210TASSHJ_dac2bb4aeedbc082c75963ca1e20bd9b_12360&search_date=20082026&expected_price_uuid=01a01d96-f44c-8050-afce-6bb07d669e34&static_fare_key=TY%7CP1%7CH1%7CL0%7CCH1%7CR0%7CTBC0&itinerary_key=LcN-EnTFeZQPAgpg3UYSpA&expected_price_source=share&expected_price_currency=usd&expected_price=147&marker=747646,,
2026-08-20T06:35:15.455564+00:00,TAS,ICN,Tashkent -> Seoul,230,https://www.aviasales.com/search/TAS0312ICN1?t=C617963352001796373300000395TASICN_68ae00df8d002aa99c93b0e66917fc08_19322&search_date=20082026&expected_price_uuid=01a01d8b-0fe4-8030-a215-c69df7caa020&static_fare_key=TY%7CP0%7CH1%7CL1_2_0%7CCH0%7CR0%7CTBC1&itinerary_key=-IpHpevCmvXdudSMnt2pXQ&destination_airports=0&expected_price_source=share&expected_price_currency=usd&expected_price=230&marker=747646,,
2026-08-20T06:35:15.455564+00:00,TAS,BKK,Tashkent -> Bangkok,191,https://www.aviasales.com/search/TAS0110BKK1?t=C617908857001790917200000405TASBKK_d719b11fc3811132f94266edeb3f0cfc_16041&search_date=20082026&expected_price_uuid=01a01d84-a9f9-8050-2694-c4360b3fa627&static_fare_key=TY%7CP1%7CH1%7CL0%7CCH0%7CR0%7CTBC0&itinerary_key=yw96POh7r7hpKXU6BByHmw&expected_price_source=share&expected_price_currency=usd&expected_price=191&marker=747646,,
2026-08-20T06:35:15.455564+00:00,SKD,MOW,Samarkand -> Moscow,77,https://www.aviasales.com/search/SKD1007MOW1?t=HH18152196001815250800000640SKDTASVKO_87f5ce3ed1579f0e2e4895c3ddfa63a6_6514&search_date=17082026&expected_price_uuid=01a01105-2e9a-8030-29d5-6665a9182b74&static_fare_key=TY%7CP1%7CH1%7CL1_1_23%7CCH0%7CR0%7CTBC1&itinerary_key=zQC9v6wjzk_zzn7pCmxbNA&expected_price_source=share&expected_price_currency=usd&expected_price=77&marker=747646,,
2026-08-20T06:35:15.455564+00:00,TAS,BCN,Tashkent -> Barcelona,227,https://www.aviasales.com/search/TAS1511BCN1?t=W617947452001794904800002900TASEVNBUDBCN_b8643b5e89fa30b92f06482a03cbe098_19124&search_date=14082026&expected_price_uuid=01a001cd-6793-8030-2723-0ca9d7537ff0&static_fare_key=TY%7CP1%7CH0%7CL0%7CCH0%7CR0%7CTBC0&itinerary_key=CRu2bgR7u8t66k_uIZuioQ&expected_price_source=share&expected_price_currency=usd&expected_price=227&marker=747646,,
2026-08-20T06:35:15.455564+00:00,TAS,VCE,Tashkent -> Venice,183,https://www.aviasales.com/search/TAS0411VCE1?t=W617937948001793861400001350TASEVNVCE_e83c744711186fae19d87424dd485fc4_15383&search_date=16082026&expected_price_uuid=01a00b47-635e-8030-e14b-d9fb1ecea3ac&static_fare_key=TY%7CP1%7CH0%7CL0%7CCH0%7CR0%7CTBC0&itinerary_key=vvTmVyuTc5Tuo7OkrweryA&expected_price_source=share&expected_price_currency=usd&expected_price=183&marker=747646,,
2026-08-20T06:35:15.455564+00:00,TAS,LON,Tashkent -> London,174,https://www.aviasales.com/search/TAS0711LON1?t=VF17940516001794148800001920TASBSZSAWSTN_d0685eca5a1109753a8e73db3e8d105b_14653&search_date=20082026&expected_price_uuid=01a01d40-1917-8030-28ef-30eca4b312c0&static_fare_key=TY%7CP1%7CH0%7CL0%7CCH0%7CR0%7CTBC0&itinerary_key=iizierZj47kw_cLq90vw4A&expected_price_source=share&expected_price_currency=usd&expected_price=174&marker=747646,,
2026-08-21T06:35:24.651104+00:00,TAS,IST,Tashkent -> Istanbul,162,https://www.aviasales.com/search/TAS2603IST1?t=C618060864001806099600000340TASIST_472a155b7e0fe56a4ec482af1489b54e_13755&search_date=19082026&expected_price_uuid=01a01a1f-54ea-8030-2d03-cf1e2b84e32d&static_fare_key=TY%7CP0%7CH0%7CL0%7CCH0%7CR0%7CTBC0&itinerary_key=1FoTmk0NzIAtNncDebXxVQ&expected_price_source=share&expected_price_currency=usd&expected_price=162&marker=747646,,
2026-08-21T06:35:24.651104+00:00,TAS,DXB,Tashkent -> Dubai,147,https://www.aviasales.com/search/TAS2408DXB1?t=HY17875575001787569200000255TASDXB_6b651f809325dd8588c15e2398bc27b4_12198&search_date=21082026&expected_price_uuid=01a022f2-05c7-8050-24d9-222bc3e1f1e0&static_fare_key=TY%7CP1%7CH1%7CL0%7CCH0%7CR0%7CTBC0&itinerary_key=8H7vXuBcwL_rbrL3zv8muA&expected_price_source=share&expected_price_currency=usd&expected_price=147&marker=747646,,
2026-08-21T06:35:24.651104+00:00,TAS,ICN,Tashkent -> Seoul,231,https://www.aviasales.com/search/TAS2602ICN1?t=HH18036768001803715200000400TASICN_6e1b05243099e0751b823ae80e64f1f6_19639&search_date=18082026&expected_price_uuid=01a016b7-b896-8030-ee53-ed1553f4b9f4&static_fare_key=TY%7CP1%7CH1%7CL0%7CCH1%7CR0%7CTBC0&itinerary_key=VR27uDKawvF2Hpj8OaLKzQ&destination_airports=0&expected_price_source=share&expected_price_currency=usd&expected_price=231&marker=747646,,
2026-08-21T06:35:24.651104+00:00,TAS,BKK,Tashkent -> Bangkok,194,https://www.aviasales.com/search/TAS0110BKK1?t=C617908857001790917200000405TASBKK_d719b11fc3811132f94266edeb3f0cfc_16046&search_date=21082026&expected_price_uuid=01a022d9-7bbc-8030-64ba-f5b9085cf793&static_fare_key=TY%7CP1%7CH1%7CL0%7CCH0%7CR0%7CTBC0&itinerary_key=yw96POh7r7hpKXU6BByHmw&expected_price_source=share&expected_price_currency=usd&expected_price=194&marker=747646,,
2026-08-21T06:35:24.651104+00:00,SKD,MOW,Samarkand -> Moscow,77,https://www.aviasales.com/search/SKD1007MOW1?t=HH18152196001815250800000640SKDTASVKO_87f5ce3ed1579f0e2e4895c3ddfa63a6_6514&search_date=17082026&expected_price_uuid=01a01105-2e9a-8030-29d5-6665a9182b74&static_fare_key=TY%7CP1%7CH1%7CL1_1_23%7CCH0%7CR0%7CTBC1&itinerary_key=zQC9v6wjzk_zzn7pCmxbNA&expected_price_source=share&expected_price_currency=usd&expected_price=77&marker=747646,,
2026-08-21T06:35:24.651104+00:00,TAS,BCN,Tashkent -> Barcelona,213,https://www.aviasales.com/search/TAS0612BCN1?t=W417965596001796644500001655TASEVNMXPBCN_7b31bd4b3ab87b505e24bed9905d3464_17590&search_date=20082026&expected_price_uuid=01a02072-9caf-8030-abd2-470a5a36f72b&static_fare_key=TY%7CP1%7CH0%7CL0%7CCH0%7CR0%7CTBC0&itinerary_key=pPXzGUF96fA1wjcf3psicQ&expected_price_source=share&expected_price_currency=usd&expected_price=213&marker=747646,,
2026-08-21T06:35:24.651104+00:00,TAS,VCE,Tashkent -> Venice,183,https://www.aviasales.com/search/TAS0411VCE1?t=W617937948001793861400001350TASEVNVCE_e83c744711186fae19d87424dd485fc4_15383&search_date=16082026&expected_price_uuid=01a00b47-635e-8030-e14b-d9fb1ecea3ac&static_fare_key=TY%7CP1%7CH0%7CL0%7CCH0%7CR0%7CTBC0&itinerary_key=vvTmVyuTc5Tuo7OkrweryA&expected_price_source=share&expected_price_currency=usd&expected_price=183&marker=747646,,
2026-08-21T06:35:24.651104+00:00,TAS,LON,Tashkent -> London,177,https://www.aviasales.com/search/TAS0711LON1?t=VF17940516001794148800001920TASBSZSAWSTN_d0685eca5a1109753a8e73db3e8d105b_14664&search_date=21082026&expected_price_uuid=01a02277-6e5b-8040-6779-90bd0142f3eb&static_fare_key=TY%7CP0%7CH0%7CL0%7CCH0%7CR0%7CTBC0&itinerary_key=iizierZj47kw_cLq90vw4A&expected_price_source=share&expected_price_currency=usd&expected_price=177&marker=747646,,
2026-08-22T06:28:52.875492+00:00,TAS,IST,Tashkent -> Istanbul,164,https://www.aviasales.com/search/TAS1204IST1?t=HH18075264001807539000000330TASIST_446086df507d7815de316b69bbb99037_13844&search_date=15082026&expected_price_uuid=01a0077f-d071-8030-e9ed-4c788f7b8407&static_fare_key=TY%7CP1%7CH0%7CL0%7CCH0%7CR0%7CTBC0&itinerary_key=32FoQSK6vJe94tYMSVAptQ&expected_price_source=share&expected_price_currency=usd&expected_price=164&marker=747646,,
2026-08-22T06:28:52.875492+00:00,TAS,DXB,Tashkent -> Dubai,169,https://www.aviasales.com/search/TAS2609SHJ1?t=G917903931001790402100000210TASSHJ_2111d49d8a9fc85234d0b417028b4069_13987&search_date=22082026&expected_price_uuid=01a027d5-e0be-8050-2545-9b40c0231c0a&static_fare_key=TY%7CP1%7CH1%7CL0%7CCH1%7CR0%7CTBC0&itinerary_key=IRE3lxaQa9d4J22ZALr1cg&expected_price_source=share&expected_price_currency=usd&expected_price=169&marker=747646,,
2026-08-22T06:28:52.875492+00:00,TAS,ICN,Tashkent -> Seoul,227,https://www.aviasales.com/search/TAS0312ICN1?t=C617963352001796373300000395TASICN_68ae00df8d002aa99c93b0e66917fc08_18743&search_date=22082026&expected_price_uuid=01a0275a-cde8-8030-6568-732a6789b4bc&static_fare_key=TY%7CP0%7CH1%7CL1_2_0%7CCH0%7CR0%7CTBC1&itinerary_key=-IpHpevCmvXdudSMnt2pXQ&destination_airports=0&expected_price_source=share&expected_price_currency=usd&expected_price=227&marker=747646,,
2026-08-22T06:28:52.875492+00:00,TAS,BKK,Tashkent -> Bangkok,180,https://www.aviasales.com/search/TAS0110BKK1?t=C617908857001790917200000405TASBKK_d719b11fc3811132f94266edeb3f0cfc_14916&search_date=22082026&expected_price_uuid=01a0281e-6850-8030-672e-7dc6121b73f3&static_fare_key=TY%7CP1%7CH1%7CL0%7CCH0%7CR0%7CTBC0&itinerary_key=yw96POh7r7hpKXU6BByHmw&expected_price_source=share&expected_price_currency=usd&expected_price=180&marker=747646,,
2026-08-22T06:28:52.875492+00:00,SKD,MOW,Samarkand -> Moscow,77,https://www.aviasales.com/search/SKD1007MOW1?t=HH18152196001815250800000640SKDTASVKO_87f5ce3ed1579f0e2e4895c3ddfa63a6_6514&search_date=17082026&expected_price_uuid=01a01105-2e9a-8030-29d5-6665a9182b74&static_fare_key=TY%7CP1%7CH1%7CL1_1_23%7CCH0%7CR0%7CTBC1&itinerary_key=zQC9v6wjzk_zzn7pCmxbNA&expected_price_source=share&expected_price_currency=usd&expected_price=77&marker=747646,,
2026-08-22T06:28:52.875492+00:00,TAS,BCN,Tashkent -> Barcelona,213,https://www.aviasales.com/search/TAS1712BCN1?t=5F17974950001797603600002050TASRMOBCN_638ace7b9453d702536f5bd523ab5ae8_17611&search_date=22082026&expected_price_uuid=01a027e9-c0a3-8040-aead-a2c8ea6603a3&static_fare_key=TY%7CP0%7CH0%7CL0%7CCH0%7CR0%7CTBC0&itinerary_key=fRNuV7V7q7nlzViCSGNdnA&expected_price_source=share&expected_price_currency=usd&expected_price=213&marker=747646,,
2026-08-22T06:28:52.875492+00:00,TAS,VCE,Tashkent -> Venice,183,https://www.aviasales.com/search/TAS0411VCE1?t=W617937948001793861400001350TASEVNVCE_e83c744711186fae19d87424dd485fc4_15383&search_date=16082026&expected_price_uuid=01a00b47-635e-8030-e14b-d9fb1ecea3ac&static_fare_key=TY%7CP1%7CH0%7CL0%7CCH0%7CR0%7CTBC0&itinerary_key=vvTmVyuTc5Tuo7OkrweryA&expected_price_source=share&expected_price_currency=usd&expected_price=183&marker=747646,,
2026-08-22T06:28:52.875492+00:00,TAS,LON,Tashkent -> London,166,https://www.aviasales.com/search/TAS2510LON1?t=VF17929269001793025600001945TASBSZSAWSTN_d9660061a97ab1aee0f14c3689f256f5_13752&search_date=22082026&expected_price_uuid=01a0275c-9439-8030-aa6d-026cf586d34b&static_fare_key=TY%7CP0%7CH0%7CL0%7CCH0%7CR0%7CTBC0&itinerary_key=iVaWi7oCocF4jMBkJHCE8A&expected_price_source=share&expected_price_currency=usd&expected_price=166&marker=747646,,
2026-08-23T06:30:06.571872+00:00,TAS,IST,Tashkent -> Istanbul,166,https://www.aviasales.com/search/TAS0706IST1?t=HH18123648001812377400000330TASIST_015eceb5c6a3e6a9cf9476913e85627c_13728&search_date=21082026&expected_price_uuid=01a022a5-447d-8030-6fc2-04c6e4b4bfd5&static_fare_key=TY%7CP1%7CH0%7CL0%7CCH0%7CR0%7CTBC0&itinerary_key=32FoQSK6vJe94tYMSVAptQ&expected_price_source=share&expected_price_currency=usd&expected_price=166&marker=747646,,
2026-08-23T06:30:06.571872+00:00,TAS,DXB,Tashkent -> Dubai,147,https://www.aviasales.com/search/TAS0809SHJ1?t=G917888766001788885600000210TASSHJ_d413cb605fc738b34db9f406c51bd20e_12185&search_date=23082026&expected_price_uuid=01a02cf1-5381-8030-6776-29882790d392&static_fare_key=TY%7CP0%7CH1%7CL0%7CCH1%7CR0%7CTBC0&itinerary_key=LcN-EnTFeZQPAgpg3UYSpA&expected_price_source=share&expected_price_currency=usd&expected_price=147&marker=747646,,
2026-08-23T06:30:06.571872+00:00,TAS,ICN,Tashkent -> Seoul,233,https://www.aviasales.com/search/TAS0701ICN1?t=C617993592001799397300000395TASICN_b49f434e32168f1306eaac2c41635b94_19288&search_date=23082026&expected_price_uuid=01a02c35-972d-8040-62ac-e9daf1d74a3f&static_fare_key=TY%7CP0%7CH1%7CL1_2_0%7CCH0%7CR0%7CTBC1&itinerary_key=-IpHpevCmvXdudSMnt2pXQ&destination_airports=0&expected_price_source=share&expected_price_currency=usd&expected_price=233&marker=747646,,
2026-08-23T06:30:06.571872+00:00,TAS,BKK,Tashkent -> Bangkok,192,https://www.aviasales.com/search/TAS0110BKK1?t=C617908857001790917200000405TASBKK_d719b11fc3811132f94266edeb3f0cfc_15841&search_date=23082026&expected_price_uuid=01a02d25-dc52-8050-267c-64a9ed3d23ac&static_fare_key=TY%7CP1%7CH1%7CL0%7CCH0%7CR0%7CTBC0&itinerary_key=yw96POh7r7hpKXU6BByHmw&expected_price_source=share&expected_price_currency=usd&expected_price=192&marker=747646,,
2026-08-23T06:30:06.571872+00:00,SKD,MOW,Samarkand -> Moscow,76,https://www.aviasales.com/search/SKD1007MOW1?t=HH18152196001815294600001370SKDTASVKO_b1bd056a3c0821999b6438591ed48f3d_6291&search_date=23082026&expected_price_uuid=01a02cf5-7bd0-8030-e6ec-2a4fe323cdbd&static_fare_key=TY%7CP0%7CH1%7CL1_1_25%7CCH0%7CR0%7CTBC1&itinerary_key=tWYMumqoM5QDnfCrI7o-4w&expected_price_source=share&expected_price_currency=usd&expected_price=76&marker=747646,,
2026-08-23T06:30:06.571872+00:00,TAS,BCN,Tashkent -> Barcelona,213,https://www.aviasales.com/search/TAS1712BCN1?t=5F17974950001797603600002050TASRMOBCN_638ace7b9453d702536f5bd523ab5ae8_17611&search_date=22082026&expected_price_uuid=01a027e9-c0a3-8040-aead-a2c8ea6603a3&static_fare_key=TY%7CP0%7CH0%7CL0%7CCH0%7CR0%7CTBC0&itinerary_key=fRNuV7V7q7nlzViCSGNdnA&expected_price_source=share&expected_price_currency=usd&expected_price=213&marker=747646,,
2026-08-23T06:30:06.571872+00:00,TAS,VCE,Tashkent -> Venice,183,https://www.aviasales.com/search/TAS0411VCE1?t=W617937948001793861400001350TASEVNVCE_e83c744711186fae19d87424dd485fc4_15383&search_date=16082026&expected_price_uuid=01a00b47-635e-8030-e14b-d9fb1ecea3ac&static_fare_key=TY%7CP1%7CH0%7CL0%7CCH0%7CR0%7CTBC0&itinerary_key=vvTmVyuTc5Tuo7OkrweryA&expected_price_source=share&expected_price_currency=usd&expected_price=183&marker=747646,,
2026-08-23T06:30:06.571872+00:00,TAS,LON,Tashkent -> London,177,https://www.aviasales.com/search/TAS2510LON1?t=VF17929269001793025600001945TASBSZSAWSTN_d9660061a97ab1aee0f14c3689f256f5_14595&search_date=23082026&expected_price_uuid=01a02c40-fef2-8030-62a0-1fa9234f55a9&static_fare_key=TY%7CP0%7CH0%7CL0%7CCH0%7CR0%7CTBC0&itinerary_key=iVaWi7oCocF4jMBkJHCE8A&expected_price_source=share&expected_price_currency=usd&expected_price=177&marker=747646,,
2026-08-24T06:42:56.954907+00:00,TAS,IST,Tashkent -> Istanbul,167,https://www.aviasales.com/search/TAS2604IST1?t=HH18087360001808748600000330TASIST_077304c42782f6dacc4502b8cd0ced20_13823&search_date=22082026&expected_price_uuid=01a02a3f-374c-8030-6003-365f0a8248a3&static_fare_key=TY%7CP1%7CH0%7CL0%7CCH0%7CR0%7CTBC0&itinerary_key=32FoQSK6vJe94tYMSVAptQ&expected_price_source=share&expected_price_currency=usd&expected_price=167&marker=747646,,
2026-08-24T06:42:56.954907+00:00,TAS,DXB,Tashkent -> Dubai,166,https://www.aviasales.com/search/TAS1909SHJ1?t=G917897883001789797300000210TASSHJ_1dfa6b0387565ff6d66635c9a44aedb8_13804&search_date=24082026&expected_price_uuid=01a0321a-c683-8030-a16a-6bfe8155d07f&static_fare_key=TY%7CP0%7CH1%7CL0%7CCH1%7CR0%7CTBC0&itinerary_key=IRE3lxaQa9d4J22ZALr1cg&expected_price_source=share&expected_price_currency=usd&expected_price=166&marker=747646,,
2026-08-24T06:42:56.954907+00:00,TAS,ICN,Tashkent -> Seoul,237,https://www.aviasales.com/search/TAS1802ICN1?t=C618029880001803026100000395TASICN_e156bf1d0fbad33ffa6212ef7b199529_19656&search_date=24082026&expected_price_uuid=01a0319e-cf33-8030-2a0f-19df8d0e369e&static_fare_key=TY%7CP0%7CH1%7CL0%7CCH0%7CR0%7CTBC0&itinerary_key=-IpHpevCmvXdudSMnt2pXQ&destination_airports=0&expected_price_source=share&expected_price_currency=usd&expected_price=237&marker=747646,,
2026-08-24T06:42:56.954907+00:00,TAS,BKK,Tashkent -> Bangkok,183,https://www.aviasales.com/search/TAS0110BKK1?t=C617908857001790917200000405TASBKK_d719b11fc3811132f94266edeb3f0cfc_15123&search_date=24082026&expected_price_uuid=01a03280-5c12-8050-6d18-e166f2786181&static_fare_key=TY%7CP1%7CH0%7CL0%7CCH0%7CR0%7CTBC0&itinerary_key=yw96POh7r7hpKXU6BByHmw&expected_price_source=share&expected_price_currency=usd&expected_price=183&marker=747646,,
2026-08-24T06:42:56.954907+00:00,SKD,MOW,Samarkand -> Moscow,82,https://www.aviasales.com/search/SKD2406MOW1?t=HH18138204001813882500001155SKDTASVKO_8dfbd7a248ff53053c229d9537893e7b_6939&search_date=18082026&expected_price_uuid=01a01598-b9d7-8030-2c59-ed0b1ac58b96&static_fare_key=TY%7CP1%7CH1%7CL0%7CCH0%7CR0%7CTBC0&itinerary_key=_-Lt-uL20O50LxpUclNKGw&expected_price_source=share&expected_price_currency=usd&expected_price=82&marker=747646,,
2026-08-24T06:42:56.954907+00:00,TAS,BCN,Tashkent -> Barcelona,213,https://www.aviasales.com/search/TAS1712BCN1?t=5F17974950001797603600002050TASRMOBCN_638ace7b9453d702536f5bd523ab5ae8_17611&search_date=22082026&expected_price_uuid=01a027e9-c0a3-8040-aead-a2c8ea6603a3&static_fare_key=TY%7CP0%7CH0%7CL0%7CCH0%7CR0%7CTBC0&itinerary_key=fRNuV7V7q7nlzViCSGNdnA&expected_price_source=share&expected_price_currency=usd&expected_price=213&marker=747646,,
2026-08-24T06:42:56.954907+00:00,TAS,VCE,Tashkent -> Venice,182,https://www.aviasales.com/search/TAS0411VCE1?t=W617937948001793861400001350TASEVNVCE_e83c744711186fae19d87424dd485fc4_15153&search_date=20082026&expected_price_uuid=01a01fea-f7b1-8030-e130-4afb7427bd11&static_fare_key=TY%7CP1%7CH0%7CL0%7CCH0%7CR0%7CTBC0&itinerary_key=vvTmVyuTc5Tuo7OkrweryA&expected_price_source=share&expected_price_currency=usd&expected_price=182&marker=747646,,
2026-08-24T06:42:56.954907+00:00,TAS,LON,Tashkent -> London,176,https://www.aviasales.com/search/TAS2510LON1?t=VF17929269001793025600001945TASBSZSAWSTN_d9660061a97ab1aee0f14c3689f256f5_14595&search_date=24082026&expected_price_uuid=01a03264-c094-8051-2b9a-7b61a2bce163&static_fare_key=TY%7CP1%7CH0%7CL0%7CCH0%7CR0%7CTBC0&itinerary_key=iVaWi7oCocF4jMBkJHCE8A&expected_price_source=share&expected_price_currency=usd&expected_price=176&marker=747646,,
2026-08-25T06:35:22.838148+00:00,TAS,IST,Tashkent -> Istanbul,167,https://www.aviasales.com/search/TAS0105IST1?t=HH18091806001809193200000330TASIST_2b220af8418d591d902d91e7aea49e2a_13823&search_date=22082026&expected_price_uuid=01a02a3e-e960-8030-6b1a-be1051678918&static_fare_key=TY%7CP1%7CH0%7CL0%7CCH0%7CR0%7CTBC0&itinerary_key=AUGatg1E0Ev3Zymi0T_-rw&expected_price_source=share&expected_price_currency=usd&expected_price=167&marker=747646,,
2026-08-25T06:35:22.838148+00:00,TAS,DXB,Tashkent -> Dubai,152,https://www.aviasales.com/search/TAS0409SHJ1?t=G917885310001788540000000210TASSHJ_eb189850e1187255eadd5be5f39ac26d_12761&search_date=25082026&expected_price_uuid=01a03784-89cc-8030-6e0d-ebad7a824dfb&static_fare_key=TY%7CP0%7CH1%7CL0%7CCH1%7CR0%7CTBC0&itinerary_key=LcN-EnTFeZQPAgpg3UYSpA&expected_price_source=share&expected_price_currency=usd&expected_price=152&marker=747646,,
2026-08-25T06:35:22.838148+00:00,TAS,ICN,Tashkent -> Seoul,231,https://www.aviasales.com/search/TAS2611ICN1?t=C617957304001795768500000395TASICN_7f46d9d0d8b57387676dd7df8651b889_19375&search_date=25082026&expected_price_uuid=01a036c5-4f00-8040-acf6-c17df16c0788&static_fare_key=TY%7CP0%7CH1%7CL1_2_0%7CCH0%7CR0%7CTBC1&itinerary_key=-IpHpevCmvXdudSMnt2pXQ&destination_airports=0&expected_price_source=share&expected_price_currency=usd&expected_price=231&marker=747646,,
2026-08-25T06:35:22.838148+00:00,TAS,BKK,Tashkent -> Bangkok,178,https://www.aviasales.com/search/TAS0110BKK1?t=C617908857001790917200000405TASBKK_d719b11fc3811132f94266edeb3f0cfc_14956&search_date=25082026&expected_price_uuid=01a03771-9af8-8050-24b1-4ec60e55305d&static_fare_key=TY%7CP1%7CH1%7CL0%7CCH0%7CR0%7CTBC0&itinerary_key=yw96POh7r7hpKXU6BByHmw&expected_price_source=share&expected_price_currency=usd&expected_price=178&marker=747646,,
2026-08-25T06:35:22.838148+00:00,SKD,MOW,Samarkand -> Moscow,82,https://www.aviasales.com/search/SKD2707MOW1?t=HH18167097001816718700000270SKDVKO_6530698cc7b3330e2589a26768a791c7_6947&search_date=19082026&expected_price_uuid=01a018d1-7ff6-8030-22a4-234560dbd53c&static_fare_key=TY%7CP1%7CH1%7CL1_1_23%7CCH0%7CR0%7CTBC1&itinerary_key=ci6kVpJb87d5-QHzJ3NdKA&expected_price_source=share&expected_price_currency=usd&expected_price=82&marker=747646,,
2026-08-25T06:35:22.838148+00:00,TAS,BCN,Tashkent -> Barcelona,213,https://www.aviasales.com/search/TAS1712BCN1?t=5F17974950001797603600002050TASRMOBCN_638ace7b9453d702536f5bd523ab5ae8_17611&search_date=22082026&expected_price_uuid=01a027e9-c0a3-8040-aead-a2c8ea6603a3&static_fare_key=TY%7CP0%7CH0%7CL0%7CCH0%7CR0%7CTBC0&itinerary_key=fRNuV7V7q7nlzViCSGNdnA&expected_price_source=share&expected_price_currency=usd&expected_price=213&marker=747646,,
2026-08-25T06:35:22.838148+00:00,TAS,VCE,Tashkent -> Venice,182,https://www.aviasales.com/search/TAS0411VCE1?t=W617937948001793861400001350TASEVNVCE_e83c744711186fae19d87424dd485fc4_15153&search_date=20082026&expected_price_uuid=01a01fea-f7b1-8030-e130-4afb7427bd11&static_fare_key=TY%7CP1%7CH0%7CL0%7CCH0%7CR0%7CTBC0&itinerary_key=vvTmVyuTc5Tuo7OkrweryA&expected_price_source=share&expected_price_currency=usd&expected_price=182&marker=747646,,
2026-08-25T06:35:22.838148+00:00,TAS,LON,Tashkent -> London,173,https://www.aviasales.com/search/TAS2510LON1?t=VF17929269001793025600001945TASBSZSAWSTN_d9660061a97ab1aee0f14c3689f256f5_14490&search_date=25082026&expected_price_uuid=01a036c1-de33-8050-e09b-f85c45b70f0b&static_fare_key=TY%7CP1%7CH0%7CL0%7CCH0%7CR0%7CTBC0&itinerary_key=iVaWi7oCocF4jMBkJHCE8A&expected_price_source=share&expected_price_currency=usd&expected_price=173&marker=747646,,
2026-08-26T06:37:14.850767+00:00,TAS,IST,Tashkent -> Istanbul,167,https://www.aviasales.com/search/TAS1207IST1?t=HH18153888001815401400000330TASIST_22072eaaee25f2cdc8f1e339cf6395e5_13972&search_date=25082026&expected_price_uuid=01a03a01-a610-8030-ab49-ae09f2f82d9a&static_fare_key=TY%7CP1%7CH0%7CL0%7CCH0%7CR0%7CTBC0&itinerary_key=32FoQSK6vJe94tYMSVAptQ&expected_price_source=share&expected_price_currency=usd&expected_price=167&marker=747646,,
2026-08-26T06:37:14.850767+00:00,TAS,DXB,Tashkent -> Dubai,139,https://www.aviasales.com/search/TAS1909SHJ1?t=G917897883001789797300000210TASSHJ_1dfa6b0387565ff6d66635c9a44aedb8_11614&search_date=26082026&expected_price_uuid=01a03c54-4672-8030-ec6c-81f966f7dd5e&static_fare_key=TY%7CP0%7CH1%7CL0%7CCH1%7CR0%7CTBC0&itinerary_key=IRE3lxaQa9d4J22ZALr1cg&expected_price_source=share&expected_price_currency=usd&expected_price=139&marker=747646,,
2026-08-26T06:37:14.850767+00:00,TAS,ICN,Tashkent -> Seoul,235,https://www.aviasales.com/search/TAS1801ICN1?t=C618003096001800347700000395TASICN_bb50c5c612adb57074c7f572990b1cb8_19631&search_date=26082026&expected_price_uuid=01a03b88-9f3d-8030-e5ba-1b24172946c5&static_fare_key=TY%7CP0%7CH1%7CL1_2_0%7CCH0%7CR0%7CTBC1&itinerary_key=-IpHpevCmvXdudSMnt2pXQ&destination_airports=0&expected_price_source=share&expected_price_currency=usd&expected_price=235&marker=747646,,
2026-08-26T06:37:14.850767+00:00,TAS,BKK,Tashkent -> Bangkok,188,https://www.aviasales.com/search/TAS0110BKK1?t=C617908857001790917200000405TASBKK_d719b11fc3811132f94266edeb3f0cfc_15755&search_date=26082026&expected_price_uuid=01a03cbb-f9f2-8050-ebed-095626223e81&static_fare_key=TY%7CP1%7CH1%7CL0%7CCH0%7CR0%7CTBC0&itinerary_key=yw96POh7r7hpKXU6BByHmw&expected_price_source=share&expected_price_currency=usd&expected_price=188&marker=747646,,
2026-08-26T06:37:14.850767+00:00,SKD,MOW,Samarkand -> Moscow,82,https://www.aviasales.com/search/SKD2707MOW1?t=HH18167097001816718700000270SKDVKO_6530698cc7b3330e2589a26768a791c7_6947&search_date=19082026&expected_price_uuid=01a018d1-7ff6-8030-22a4-234560dbd53c&static_fare_key=TY%7CP1%7CH1%7CL1_1_23%7CCH0%7CR0%7CTBC1&itinerary_key=ci6kVpJb87d5-QHzJ3NdKA&expected_price_source=share&expected_price_currency=usd&expected_price=82&marker=747646,,
2026-08-26T06:37:14.850767+00:00,TAS,BCN,Tashkent -> Barcelona,213,https://www.aviasales.com/search/TAS1712BCN1?t=5F17974950001797603600002050TASRMOBCN_638ace7b9453d702536f5bd523ab5ae8_17611&search_date=22082026&expected_price_uuid=01a027e9-c0a3-8040-aead-a2c8ea6603a3&static_fare_key=TY%7CP0%7CH0%7CL0%7CCH0%7CR0%7CTBC0&itinerary_key=fRNuV7V7q7nlzViCSGNdnA&expected_price_source=share&expected_price_currency=usd&expected_price=213&marker=747646,,
2026-08-26T06:37:14.850767+00:00,TAS,VCE,Tashkent -> Venice,182,https://www.aviasales.com/search/TAS0411VCE1?t=W617937948001793861400001350TASEVNVCE_e83c744711186fae19d87424dd485fc4_15153&search_date=20082026&expected_price_uuid=01a01fea-f7b1-8030-e130-4afb7427bd11&static_fare_key=TY%7CP1%7CH0%7CL0%7CCH0%7CR0%7CTBC0&itinerary_key=vvTmVyuTc5Tuo7OkrweryA&expected_price_source=share&expected_price_currency=usd&expected_price=182&marker=747646,,
2026-08-26T06:37:14.850767+00:00,TAS,LON,Tashkent -> London,173,https://www.aviasales.com/search/TAS2510LON1?t=VF17929269001793025600001945TASBSZSAWSTN_d9660061a97ab1aee0f14c3689f256f5_14456&search_date=26082026&expected_price_uuid=01a03c22-fa6c-8040-686c-c8a29f7d85c6&static_fare_key=TY%7CP0%7CH0%7CL0%7CCH0%7CR0%7CTBC0&itinerary_key=iVaWi7oCocF4jMBkJHCE8A&expected_price_source=share&expected_price_currency=usd&expected_price=173&marker=747646,,
2026-08-27T17:12:52.709059+00:00,TAS,IST,Tashkent -> Istanbul,166,https://www.aviasales.com/search/TAS2109IST1?t=C617899860001789998300000325TASIST_ab668b99429beb79a20ff1b6b7005507_14323&search_date=27082026&expected_price_uuid=01a04429-6bec-8030-6ffc-aa45d445a4cc&static_fare_key=TY%7CP1%7CH0%7CL1_2_0%7CCH0%7CR0%7CTBC1&itinerary_key=3PxWoDtBMdFLhbi5R-Tyug&expected_price_source=share&expected_price_currency=usd&expected_price=166&marker=747646,,
2026-08-27T17:12:52.709059+00:00,TAS,DXB,Tashkent -> Dubai,136,https://www.aviasales.com/search/TAS0411SHJ1?t=G917938014001793811300000225TASSHJ_5e39b63f4d94f35c43419e2637c72b41_11510&search_date=27082026&expected_price_uuid=01a04172-3613-8030-653b-798ab85bc1e6&static_fare_key=TY%7CP0%7CH1%7CL0%7CCH1%7CR0%7CTBC0&itinerary_key=9y7Qf9gO-GlkB7Y-4rihYg&expected_price_source=share&expected_price_currency=usd&expected_price=136&marker=747646,,
2026-08-27T17:12:52.709059+00:00,TAS,ICN,Tashkent -> Seoul,224,https://www.aviasales.com/search/TAS1106ICN1?t=HY18127536001812789600000360TASICN_f4f8100dd88db5230e4b5f1ef0293afc_18825&search_date=26082026&expected_price_uuid=01a03dfe-6ceb-8030-6149-2164e691deed&static_fare_key=TY%7CP1%7CH1%7CL1_1_23%7CCH0%7CR0%7CTBC1&itinerary_key=0rwDk0D7N1NbXDYHol_rgA&destination_airports=0&expected_price_source=share&expected_price_currency=usd&expected_price=224&marker=747646,,
2026-08-27T17:12:52.709059+00:00,TAS,BKK,Tashkent -> Bangkok,205,https://www.aviasales.com/search/TAS0110BKK1?t=C617908857001790917200000405TASBKK_d719b11fc3811132f94266edeb3f0cfc_17695&search_date=27082026&expected_price_uuid=01a0441c-31b7-8051-2a87-68aa11ee1ec6&static_fare_key=TY%7CP1%7CH1%7CL0%7CCH0%7CR0%7CTBC0&itinerary_key=yw96POh7r7hpKXU6BByHmw&expected_price_source=share&expected_price_currency=usd&expected_price=205&marker=747646,,
2026-08-27T17:12:52.709059+00:00,SKD,MOW,Samarkand -> Moscow,76,https://www.aviasales.com/search/SKD2207MOW1?t=HH18162396001816259400000450SKDTASVKO_9ea2b8d01d99ec2de745edef2bb4960a_6361&search_date=26082026&expected_price_uuid=01a03d04-9bd9-8030-a0a9-439ea477e091&static_fare_key=TY%7CP1%7CH1%7CL1_1_23%7CCH0%7CR0%7CTBC1&itinerary_key=CmkQbLiDvP7uZz2ZbRg38Q&expected_price_source=share&expected_price_currency=usd&expected_price=76&marker=747646,,
2026-08-27T17:12:52.709059+00:00,TAS,BCN,Tashkent -> Barcelona,220,https://www.aviasales.com/search/TAS1511BCN1?t=W417947452001794822000001520TASEVNMXPBCN_24e3071b6daa41f25a01301e35602540_18547&search_date=26082026&expected_price_uuid=01a03e46-a56b-8030-e9f1-268fe1a36545&static_fare_key=TY%7CP1%7CH0%7CL0%7CCH0%7CR0%7CTBC0&itinerary_key=6XtUfFEIsRpafaaI88KrPg&expected_price_source=share&expected_price_currency=usd&expected_price=220&marker=747646,,
2026-08-27T17:12:52.709059+00:00,TAS,VCE,Tashkent -> Venice,200,https://www.aviasales.com/search/TAS1110VCE1?t=W417917212001791767400000950TASEVNVCE_97d35180ae31bedd00dd11de570800c3_16763&search_date=25082026&expected_price_uuid=01a0379d-a69a-8030-6cb0-052bafbfe903&static_fare_key=TY%7CP1%7CH0%7CL0%7CCH0%7CR0%7CTBC0&itinerary_key=vvglQwxIsOkmjYzv1zWHow&expected_price_source=share&expected_price_currency=usd&expected_price=200&marker=747646,,
2026-08-27T17:12:52.709059+00:00,TAS,LON,Tashkent -> London,152,https://www.aviasales.com/search/TAS0612LON1?t=VF17965557001796654400001945TASBSZSAWSTN_915ad8592ac23e0f4825be70fe9bf1b4_12816&search_date=27082026&expected_price_uuid=01a040b6-05bf-8030-26b9-bf67011e5d54&static_fare_key=TY%7CP0%7CH0%7CL0%7CCH0%7CR0%7CTBC0&itinerary_key=iVaWi7oCocF4jMBkJHCE8A&expected_price_source=share&expected_price_currency=usd&expected_price=152&marker=747646,,
2026-08-28T18:01:02.319146+00:00,TAS,IST,Tashkent -> Istanbul,170,https://www.aviasales.com/search/TAS1406IST1?t=HH18129696001812982200000330TASIST_c96d018c8c196e1f91a63d314b489b6e_14351&search_date=27082026&expected_price_uuid=01a04221-d0e9-8030-6553-c9e2f9986453&static_fare_key=TY%7CP1%7CH0%7CL0%7CCH0%7CR0%7CTBC0&itinerary_key=32FoQSK6vJe94tYMSVAptQ&expected_price_source=share&expected_price_currency=usd&expected_price=170&marker=747646,,
2026-08-28T18:01:02.319146+00:00,TAS,DXB,Tashkent -> Dubai,153,https://www.aviasales.com/search/TAS1809SHJ1?t=G917897406001789749600000210TASSHJ_eeb473db5919e302c11fe9bc6921f05d_13181&search_date=28082026&expected_price_uuid=01a048cc-cec6-8030-6529-ee84eef27b5d&static_fare_key=TY%7CP1%7CH1%7CL0%7CCH1%7CR0%7CTBC0&itinerary_key=LcN-EnTFeZQPAgpg3UYSpA&expected_price_source=share&expected_price_currency=usd&expected_price=153&marker=747646,,
2026-08-28T18:01:02.319146+00:00,TAS,ICN,Tashkent -> Seoul,224,https://www.aviasales.com/search/TAS1106ICN1?t=HY18127536001812789600000360TASICN_f4f8100dd88db5230e4b5f1ef0293afc_18825&search_date=26082026&expected_price_uuid=01a03dfe-6ceb-8030-6149-2164e691deed&static_fare_key=TY%7CP1%7CH1%7CL1_1_23%7CCH0%7CR0%7CTBC1&itinerary_key=0rwDk0D7N1NbXDYHol_rgA&destination_airports=0&expected_price_source=share&expected_price_currency=usd&expected_price=224&marker=747646,,
2026-08-28T18:01:02.319146+00:00,TAS,BKK,Tashkent -> Bangkok,205,https://www.aviasales.com/search/TAS0110BKK1?t=C617908857001790917200000405TASBKK_d719b11fc3811132f94266edeb3f0cfc_17627&search_date=28082026&expected_price_uuid=01a04984-b90c-8030-2706-3093c6bca06c&static_fare_key=TY%7CP1%7CH1%7CL0%7CCH0%7CR0%7CTBC0&itinerary_key=yw96POh7r7hpKXU6BByHmw&expected_price_source=share&expected_price_currency=usd&expected_price=205&marker=747646,,
2026-08-28T18:01:02.319146+00:00,SKD,MOW,Samarkand -> Moscow,76,https://www.aviasales.com/search/SKD2207MOW1?t=HH18162396001816301700001155SKDTASVKO_9afe4afd2517c4563407b26e52972437_6497&search_date=28082026&expected_price_uuid=01a04890-d616-8030-6a05-0a90ab76f028&static_fare_key=TY%7CP1%7CH1%7CL1_1_25%7CCH0%7CR0%7CTBC1&itinerary_key=_-Lt-uL20O50LxpUclNKGw&expected_price_source=share&expected_price_currency=usd&expected_price=76&marker=747646,,
2026-08-28T18:01:02.319146+00:00,TAS,BCN,Tashkent -> Barcelona,220,https://www.aviasales.com/search/TAS1511BCN1?t=W417947452001794822000001520TASEVNMXPBCN_24e3071b6daa41f25a01301e35602540_18547&search_date=26082026&expected_price_uuid=01a03e46-a56b-8030-e9f1-268fe1a36545&static_fare_key=TY%7CP1%7CH0%7CL0%7CCH0%7CR0%7CTBC0&itinerary_key=6XtUfFEIsRpafaaI88KrPg&expected_price_source=share&expected_price_currency=usd&expected_price=220&marker=747646,,
2026-08-28T18:01:02.319146+00:00,TAS,VCE,Tashkent -> Venice,203,https://www.aviasales.com/search/TAS0702VCE1?t=5F18019878001802032800000990TASRMOVCE_e38004c8151f1b20e045f6ff8c3b047e_17021&search_date=25082026&expected_price_uuid=01a03ac4-2857-8030-e320-b09e1fe8497b&static_fare_key=TY%7CP1%7CH0%7CL0%7CCH0%7CR0%7CTBC0&itinerary_key=hVQG0FLAeTrXDbKBhMpIvw&expected_price_source=share&expected_price_currency=usd&expected_price=203&marker=747646,,
2026-08-28T18:01:02.319146+00:00,TAS,LON,Tashkent -> London,151,https://www.aviasales.com/search/TAS2211LON1?t=VF17953461001795444800001945TASBSZSAWSTN_92df619b1e90b6d6ce0980602465f0a1_12990&search_date=28082026&expected_price_uuid=01a047d7-0695-8050-203e-de3107d4f8a5&static_fare_key=TY%7CP1%7CH0%7CL0%7CCH0%7CR0%7CTBC0&itinerary_key=iVaWi7oCocF4jMBkJHCE8A&expected_price_source=share&expected_price_currency=usd&expected_price=151&marker=747646,,
2026-08-29T12:06:53.010613+00:00,TAS,IST,Tashkent -> Istanbul,166,https://www.aviasales.com/search/TAS3103IST1?t=HH18064752001806487800000330TASIST_d18e8a37fd39ec8e28a98cfa3eb56701_14342&search_date=29082026&expected_price_uuid=01a04d28-49a1-8030-e5d3-e07586600dac&static_fare_key=TY%7CP1%7CH0%7CL0%7CCH0%7CR0%7CTBC0&itinerary_key=vSghBmCpo-k7VKCW4VNV2w&expected_price_source=share&expected_price_currency=usd&expected_price=166&marker=747646,,
2026-08-29T12:06:53.010613+00:00,TAS,DXB,Tashkent -> Dubai,156,https://www.aviasales.com/search/TAS2509SHJ1?t=G917903454001790354400000210TASSHJ_5b9db45c6172b526048a86d14897e51c_13416&search_date=29082026&expected_price_uuid=01a04d64-9db4-8030-a473-cf6fa092d1a4&static_fare_key=TY%7CP1%7CH1%7CL0%7CCH1%7CR0%7CTBC0&itinerary_key=LcN-EnTFeZQPAgpg3UYSpA&expected_price_source=share&expected_price_currency=usd&expected_price=156&marker=747646,,
2026-08-29T12:06:53.010613+00:00,TAS,ICN,Tashkent -> Seoul,224,https://www.aviasales.com/search/TAS1106ICN1?t=HY18127536001812789600000360TASICN_f4f8100dd88db5230e4b5f1ef0293afc_18825&search_date=26082026&expected_price_uuid=01a03dfe-6ceb-8030-6149-2164e691deed&static_fare_key=TY%7CP1%7CH1%7CL1_1_23%7CCH0%7CR0%7CTBC1&itinerary_key=0rwDk0D7N1NbXDYHol_rgA&destination_airports=0&expected_price_source=share&expected_price_currency=usd&expected_price=224&marker=747646,,
2026-08-29T12:06:53.010613+00:00,TAS,BKK,Tashkent -> Bangkok,209,https://www.aviasales.com/search/TAS0110BKK1?t=C617908857001790917200000405TASBKK_d719b11fc3811132f94266edeb3f0cfc_17977&search_date=29082026&expected_price_uuid=01a04d47-d136-8050-aab2-244b31b77e9d&static_fare_key=TY%7CP0%7CH1%7CL0%7CCH0%7CR0%7CTBC0&itinerary_key=yw96POh7r7hpKXU6BByHmw&expected_price_source=share&expected_price_currency=usd&expected_price=209&marker=747646,,
2026-08-29T12:06:53.010613+00:00,SKD,MOW,Samarkand -> Moscow,76,https://www.aviasales.com/search/SKD2207MOW1?t=HH18162396001816301700001155SKDTASVKO_9afe4afd2517c4563407b26e52972437_6497&search_date=28082026&expected_price_uuid=01a04890-d616-8030-6a05-0a90ab76f028&static_fare_key=TY%7CP1%7CH1%7CL1_1_25%7CCH0%7CR0%7CTBC1&itinerary_key=_-Lt-uL20O50LxpUclNKGw&expected_price_source=share&expected_price_currency=usd&expected_price=76&marker=747646,,
2026-08-29T12:06:53.010613+00:00,TAS,BCN,Tashkent -> Barcelona,211,https://www.aviasales.com/search/TAS2210BCN1?t=W417926728001792748400001440TASEVNMXPBCN_d04e2e1cb330bfd35aa514e0e5629243_18200&search_date=29082026&expected_price_uuid=01a04ccc-c9b8-8030-ec2d-5bae35ef78d9&static_fare_key=TY%7CP1%7CH0%7CL0%7CCH0%7CR0%7CTBC0&itinerary_key=XuAET0POKWzMa-r9dIAQXg&expected_price_source=share&expected_price_currency=usd&expected_price=211&marker=747646,,
2026-08-29T12:06:53.010613+00:00,TAS,VCE,Tashkent -> Venice,203,https://www.aviasales.com/search/TAS0702VCE1?t=5F18019878001802032800000990TASRMOVCE_e38004c8151f1b20e045f6ff8c3b047e_17021&search_date=25082026&expected_price_uuid=01a03ac4-2857-8030-e320-b09e1fe8497b&static_fare_key=TY%7CP1%7CH0%7CL0%7CCH0%7CR0%7CTBC0&itinerary_key=hVQG0FLAeTrXDbKBhMpIvw&expected_price_source=share&expected_price_currency=usd&expected_price=203&marker=747646,,
2026-08-29T12:06:53.010613+00:00,TAS,LON,Tashkent -> London,150,https://www.aviasales.com/search/TAS0612LON1?t=VF17965557001796654400001945TASBSZSAWSTN_915ad8592ac23e0f4825be70fe9bf1b4_12941&search_date=29082026&expected_price_uuid=01a04ae5-810e-8030-275d-0f464e350059&static_fare_key=TY%7CP0%7CH0%7CL0%7CCH0%7CR0%7CTBC0&itinerary_key=iVaWi7oCocF4jMBkJHCE8A&expected_price_source=share&expected_price_currency=usd&expected_price=150&marker=747646,,
2026-08-30T11:02:31.713903+00:00,TAS,IST,Tashkent -> Istanbul,166,https://www.aviasales.com/search/TAS0109IST1?t=C617882892001788301500000325TASIST_4458f874c4ca1afccb0183c456cb7ad1_14313&search_date=30082026&expected_price_uuid=01a05255-3a40-8030-aacc-2bb06ff6bb92&static_fare_key=TY%7CP1%7CH0%7CL1_2_0%7CCH0%7CR0%7CTBC1&itinerary_key=q4bqZYB12D44Fh7L7JumJw&expected_price_source=share&expected_price_currency=usd&expected_price=166&marker=747646,,
2026-08-30T11:02:31.713903+00:00,TAS,DXB,Tashkent -> Dubai,159,https://www.aviasales.com/search/TAS0610SHJ1?t=G917912571001791266100000210TASSHJ_f2d364d1096cf34ece03ef85df0c7d57_13672&search_date=30082026&expected_price_uuid=01a05090-5eff-8040-64c8-1f002d8fde91&static_fare_key=TY%7CP0%7CH1%7CL0%7CCH1%7CR0%7CTBC0&itinerary_key=IRE3lxaQa9d4J22ZALr1cg&expected_price_source=share&expected_price_currency=usd&expected_price=159&marker=747646,,
2026-08-30T11:02:31.713903+00:00,TAS,ICN,Tashkent -> Seoul,224,https://www.aviasales.com/search/TAS1106ICN1?t=HY18127536001812789600000360TASICN_f4f8100dd88db5230e4b5f1ef0293afc_18825&search_date=26082026&expected_price_uuid=01a03dfe-6ceb-8030-6149-2164e691deed&static_fare_key=TY%7CP1%7CH1%7CL1_1_23%7CCH0%7CR0%7CTBC1&itinerary_key=0rwDk0D7N1NbXDYHol_rgA&destination_airports=0&expected_price_source=share&expected_price_currency=usd&expected_price=224&marker=747646,,
2026-08-30T11:02:31.713903+00:00,TAS,BKK,Tashkent -> Bangkok,209,https://www.aviasales.com/search/TAS0110BKK1?t=C617908857001790917200000405TASBKK_d719b11fc3811132f94266edeb3f0cfc_17977&search_date=30082026&expected_price_uuid=01a0524d-79c7-8030-6265-7b309ca37e1f&static_fare_key=TY%7CP1%7CH1%7CL0%7CCH0%7CR0%7CTBC0&itinerary_key=yw96POh7r7hpKXU6BByHmw&expected_price_source=share&expected_price_currency=usd&expected_price=209&marker=747646,,
2026-08-30T11:02:31.713903+00:00,SKD,MOW,Samarkand -> Moscow,76,https://www.aviasales.com/search/SKD2207MOW1?t=HH18162396001816301700001155SKDTASVKO_9afe4afd2517c4563407b26e52972437_6497&search_date=28082026&expected_price_uuid=01a04890-d616-8030-6a05-0a90ab76f028&static_fare_key=TY%7CP1%7CH1%7CL1_1_25%7CCH0%7CR0%7CTBC1&itinerary_key=_-Lt-uL20O50LxpUclNKGw&expected_price_source=share&expected_price_currency=usd&expected_price=76&marker=747646,,
2026-08-30T11:02:31.713903+00:00,TAS,BCN,Tashkent -> Barcelona,212,https://www.aviasales.com/search/TAS1511BCN1?t=W417947452001794831900001685TASEVNMXPBCN_4efcfc512b6365461a4197b8b426cb95_18265&search_date=29082026&expected_price_uuid=01a04d23-f784-8030-ec6e-8ef75b32b595&static_fare_key=TY%7CP0%7CH0%7CL0%7CCH0%7CR0%7CTBC0&itinerary_key=xlzONWZ0SuH0l0KLFK1xCg&expected_price_source=share&expected_price_currency=usd&expected_price=212&marker=747646,,
2026-08-30T11:02:31.713903+00:00,TAS,VCE,Tashkent -> Venice,225,https://www.aviasales.com/search/TAS0811VCE1?t=5F17941254001794170400000990TASRMOVCE_8d46cbe1d5a0b64de1059cbedcc1608f_18833&search_date=25082026&expected_price_uuid=01a03ac7-1949-8030-a74c-4825f3eb7c24&static_fare_key=TY%7CP1%7CH0%7CL0%7CCH0%7CR0%7CTBC0&itinerary_key=hVQG0FLAeTrXDbKBhMpIvw&expected_price_source=share&expected_price_currency=usd&expected_price=225&marker=747646,,
2026-08-30T11:02:31.713903+00:00,TAS,LON,Tashkent -> London,152,https://www.aviasales.com/search/TAS0702LON1?t=VF18019989001802097600001945TASBSZSAWSTN_670c9c36ac9347967e32ff23f89a572f_13036&search_date=30082026&expected_price_uuid=01a050ad-70f0-8030-a968-fcd60ca9f723&static_fare_key=TY%7CP0%7CH0%7CL0%7CCH0%7CR0%7CTBC0&itinerary_key=iVaWi7oCocF4jMBkJHCE8A&expected_price_source=share&expected_price_currency=usd&expected_price=152&marker=747646,,
2026-08-30T17:13:49.569826+00:00,TAS,IST,Tashkent -> Istanbul,166,https://www.aviasales.com/search/TAS0509IST1?t=C617886102001788623100000335TASIST_9c966dde2dc6b1462a30804b68f1804e_14313&search_date=30082026&expected_price_uuid=01a053a2-35a0-8030-a1d5-786c5f9ecd03&static_fare_key=TY%7CP1%7CH0%7CL1_2_0%7CCH0%7CR0%7CTBC1&itinerary_key=h6hCiUGjYAZIcjId7nuvfg&expected_price_source=share&expected_price_currency=usd&expected_price=166&marker=747646,2026-09-05T12:10:00+05:00,6.0
2026-08-30T17:13:49.569826+00:00,TAS,DXB,Tashkent -> Dubai,134,https://www.aviasales.com/search/TAS1409SHJ1?t=G917893950001789404000000210TASSHJ_aa50bf352680c37eb258180e93c53211_11566&search_date=30082026&expected_price_uuid=01a052c8-104e-8030-af68-e512472d9e23&static_fare_key=TY%7CP0%7CH1%7CL0%7CCH1%7CR0%7CTBC0&itinerary_key=LcN-EnTFeZQPAgpg3UYSpA&expected_price_source=share&expected_price_currency=usd&expected_price=134&marker=747646,2026-09-14T14:10:00+05:00,15.0
2026-08-30T17:13:49.569826+00:00,TAS,ICN,Tashkent -> Seoul,224,https://www.aviasales.com/search/TAS1106ICN1?t=HY18127536001812789600000360TASICN_f4f8100dd88db5230e4b5f1ef0293afc_18825&search_date=26082026&expected_price_uuid=01a03dfe-6ceb-8030-6149-2164e691deed&static_fare_key=TY%7CP1%7CH1%7CL1_1_23%7CCH0%7CR0%7CTBC1&itinerary_key=0rwDk0D7N1NbXDYHol_rgA&destination_airports=0&expected_price_source=share&expected_price_currency=usd&expected_price=224&marker=747646,2027-06-11T22:40:00+05:00,285.0
2026-08-30T17:13:49.569826+00:00,TAS,BKK,Tashkent -> Bangkok,209,https://www.aviasales.com/search/TAS0110BKK1?t=C617908857001790917200000405TASBKK_d719b11fc3811132f94266edeb3f0cfc_17977&search_date=30082026&expected_price_uuid=01a05391-7de5-8050-a854-1445bda25609&static_fare_key=TY%7CP1%7CH1%7CL0%7CCH0%7CR0%7CTBC0&itinerary_key=yw96POh7r7hpKXU6BByHmw&expected_price_source=share&expected_price_currency=usd&expected_price=209&marker=747646,2026-10-01T20:15:00+05:00,32.0
2026-08-30T17:13:49.569826+00:00,TAS,BCN,Tashkent -> Barcelona,212,https://www.aviasales.com/search/TAS1511BCN1?t=W417947452001794831900001685TASEVNMXPBCN_4efcfc512b6365461a4197b8b426cb95_18265&search_date=29082026&expected_price_uuid=01a04d23-f784-8030-ec6e-8ef75b32b595&static_fare_key=TY%7CP0%7CH0%7CL0%7CCH0%7CR0%7CTBC0&itinerary_key=xlzONWZ0SuH0l0KLFK1xCg&expected_price_source=share&expected_price_currency=usd&expected_price=212&marker=747646,2026-11-15T12:20:00+05:00,77.0
2026-08-30T17:13:49.569826+00:00,TAS,VCE,Tashkent -> Venice,225,https://www.aviasales.com/search/TAS0811VCE1?t=5F17941254001794170400000990TASRMOVCE_8d46cbe1d5a0b64de1059cbedcc1608f_18833&search_date=25082026&expected_price_uuid=01a03ac7-1949-8030-a74c-4825f3eb7c24&static_fare_key=TY%7CP1%7CH0%7CL0%7CCH0%7CR0%7CTBC0&itinerary_key=hVQG0FLAeTrXDbKBhMpIvw&expected_price_source=share&expected_price_currency=usd&expected_price=225&marker=747646,2026-11-08T08:10:00+05:00,70.0
2026-08-30T17:13:49.569826+00:00,TAS,LON,Tashkent -> London,152,https://www.aviasales.com/search/TAS0702LON1?t=VF18019989001802097600001945TASBSZSAWSTN_670c9c36ac9347967e32ff23f89a572f_13036&search_date=30082026&expected_price_uuid=01a050ad-70f0-8030-a968-fcd60ca9f723&static_fare_key=TY%7CP0%7CH0%7CL0%7CCH0%7CR0%7CTBC0&itinerary_key=iVaWi7oCocF4jMBkJHCE8A&expected_price_source=share&expected_price_currency=usd&expected_price=152&marker=747646,2027-02-07T11:15:00+05:00,161.0
2026-08-30T17:13:49.569826+00:00,SKD,MOW,Samarkand -> Moscow,76,https://www.aviasales.com/search/SKD2207MOW1?t=HH18162396001816301700001155SKDTASVKO_9afe4afd2517c4563407b26e52972437_6497&search_date=28082026&expected_price_uuid=01a04890-d616-8030-6a05-0a90ab76f028&static_fare_key=TY%7CP1%7CH1%7CL1_1_25%7CCH0%7CR0%7CTBC1&itinerary_key=_-Lt-uL20O50LxpUclNKGw&expected_price_source=share&expected_price_currency=usd&expected_price=76&marker=747646,2027-07-22T07:00:00+05:00,326.0
2026-08-30T17:13:49.569826+00:00,MOW,IST,Moscow -> Istanbul,94,https://www.aviasales.com/search/MOW3108IST1?t=DP17881665001788184800000305VKOIST_e6b8e74f4e356d9c4d25387834f905c6_8047&search_date=30082026&expected_price_uuid=01a053a7-fce3-8050-2485-7d80b9c7c28c&static_fare_key=TY%7CP0%7CH1%7CL0%7CCH1%7CR0%7CTBC0&itinerary_key=ABjsPadwCz0vxs5cPF7fuA&expected_price_source=share&expected_price_currency=usd&expected_price=94&marker=747646,2026-08-31T08:55:00+03:00,1.0
2026-08-30T17:13:49.569826+00:00,MOW,DXB,Moscow -> Dubai,182,https://www.aviasales.com/search/MOW0412DXB1?t=DP17963751001796398800000335VKODWC_373788f8d2624015bdd7b891a4ea79f1_15660&search_date=30082026&expected_price_uuid=01a05357-36a0-8050-efed-1c66fc239687&static_fare_key=TY%7CP0%7CH1%7CL0%7CCH1%7CR0%7CTBC0&itinerary_key=fH2UXwWeh0BM60GVVnwaZA&expected_price_source=share&expected_price_currency=usd&expected_price=182&marker=747646,2026-12-04T09:05:00+03:00,96.0
2026-08-30T17:13:49.569826+00:00,MOW,TAS,Moscow -> Tashkent,110,https://www.aviasales.com/search/MOW0202TAS1?t=DP18015972001801619400000250VKOTAS_10cb14f7bdaf1fd53a7d875969a34b0d_9498&search_date=30082026&expected_price_uuid=01a050be-b2bd-8030-a40e-944292ffa514&static_fare_key=TY%7CP0%7CH1%7CL0%7CCH0%7CR0%7CTBC0&itinerary_key=bjxuAmR-ikZ8gyuY57SXhw&expected_price_source=share&expected_price_currency=usd&expected_price=110&marker=747646,2027-02-02T19:40:00+03:00,156.0
2026-08-30T17:13:49.569826+00:00,LON,IST,London -> Istanbul,46,https://www.aviasales.com/search/LON1410IST1?t=W917919615001791983400000245LTNIST_3388737c2a24ac25517a3b1606438c14_3926&search_date=29082026&expected_price_uuid=01a04f07-3f8f-8050-2ff7-22e8600d6dde&static_fare_key=TY%7CP1%7CH0%7CL0%7CCH0%7CR0%7CTBC0&itinerary_key=Wqrx2jlYOtyY6qJVXojV8w&expected_price_source=share&expected_price_currency=usd&expected_price=46&marker=747646,2026-10-14T07:05:00+01:00,45.0
2026-08-30T17:13:49.569826+00:00,LON,TAS,London -> Tashkent,199,https://www.aviasales.com/search/LON1501TAS1?t=W618000123001800183600002555LTNBTSEVNTAS_804b99512a0127f1592c057bcede3395_17090&search_date=30082026&expected_price_uuid=01a05021-cf51-8030-ede2-6ca13fb63e46&static_fare_key=TY%7CP0%7CH0%7CL0%7CCH0%7CR0%7CTBC0&itinerary_key=aKbxpz0KKSk7aNUly6X78g&expected_price_source=share&expected_price_currency=usd&expected_price=199&marker=747646,2027-01-15T11:25:00Z,138.0
2026-08-30T17:13:49.569826+00:00,LON,DXB,London -> Dubai,90,https://www.aviasales.com/search/LON2110DXB1?t=VF17926194001792720500001505LTNTIASAWDXB_99d12f25f067ff4115aff6636aa5810e_7768&search_date=29082026&expected_price_uuid=01a04fc8-35bf-8030-644f-10beb25027c9&static_fare_key=TY%7CP1%7CH0%7CL0%7CCH0%7CR0%7CTBC0&itinerary_key=gwzbVvrSpXL_RnXWkTbvLA&expected_price_source=share&expected_price_currency=usd&expected_price=90&marker=747646,2026-10-21T21:50:00+01:00,52.0
2026-08-30T17:13:49.569826+00:00,DXB,IST,Dubai -> Istanbul,96,https://www.aviasales.com/search/SHJ2309IST1?t=PC17901390001790152200000280SHJSAW_4b9ce34d00449cd5b5f5a4d787a5375d_8283&search_date=30082026&expected_price_uuid=01a05248-d3b9-8050-a717-3ef515142d06&static_fare_key=TY%7CP1%7CH0%7CL0%7CCH0%7CR0%7CTBC0&itinerary_key=5mw-OnNPHklDlmetw3v2Kg&expected_price_source=share&expected_price_currency=usd&expected_price=96&marker=747646,2026-09-23T04:50:00+04:00,24.0
2026-08-30T17:13:49.569826+00:00,DXB,LON,Dubai -> London,123,https://www.aviasales.com/search/DXB0210LON1?t=VF17909103001790952000000875DXBSAWSTN_1d54ced6956037100e42ba54008e7156_10620&search_date=29082026&expected_price_uuid=01a04ecc-2c7a-8030-2234-20a0289d665b&static_fare_key=TY%7CP1%7CH0%7CL0%7CCH0%7CR0%7CTBC0&itinerary_key=GmO7F-G4x1YUyNWcr3kDPg&expected_price_source=share&expected_price_currency=usd&expected_price=123&marker=747646,2026-10-02T03:05:00+04:00,33.0
2026-08-30T17:13:49.569826+00:00,DXB,BKK,Dubai -> Bangkok,136,https://www.aviasales.com/search/SHJ0509BKK1?t=AI17886279001788726300001460SHJATQDELBKK_518ee4aa35a45b515cf17268a80dc353_11721&search_date=29082026&expected_price_uuid=01a04f77-c80b-8030-22cd-6a089cbf3991&static_fare_key=TY%7CP0%7CH1%7CL1_1_25%7CCH1%7CR1%7CTBC1&itinerary_key=VWNaESZqEyp0lthFo-Vdeg&expected_price_source=share&expected_price_currency=usd&expected_price=136&marker=747646,2026-09-05T17:05:00+04:00,6.0
2026-08-30T17:45:45.666924+00:00,TAS,IST,Tashkent -> Istanbul,166,https://www.aviasales.com/search/TAS0509IST1?t=C617886102001788623100000335TASIST_9c966dde2dc6b1462a30804b68f1804e_14313&search_date=30082026&expected_price_uuid=01a053b3-7f30-8030-abcd-ac668b4b373d&static_fare_key=TY%7CP1%7CH0%7CL1_2_0%7CCH0%7CR0%7CTBC1&itinerary_key=h6hCiUGjYAZIcjId7nuvfg&expected_price_source=share&expected_price_currency=usd&expected_price=166&marker=747646,2026-09-05T12:10:00+05:00,6.0
2026-08-30T17:45:45.666924+00:00,TAS,DXB,Tashkent -> Dubai,134,https://www.aviasales.com/search/TAS1409SHJ1?t=G917893950001789404000000210TASSHJ_aa50bf352680c37eb258180e93c53211_11566&search_date=30082026&expected_price_uuid=01a052c8-104e-8030-af68-e512472d9e23&static_fare_key=TY%7CP0%7CH1%7CL0%7CCH1%7CR0%7CTBC0&itinerary_key=LcN-EnTFeZQPAgpg3UYSpA&expected_price_source=share&expected_price_currency=usd&expected_price=134&marker=747646,2026-09-14T14:10:00+05:00,15.0
2026-08-30T17:45:45.666924+00:00,TAS,ICN,Tashkent -> Seoul,224,https://www.aviasales.com/search/TAS1106ICN1?t=HY18127536001812789600000360TASICN_f4f8100dd88db5230e4b5f1ef0293afc_18825&search_date=26082026&expected_price_uuid=01a03dfe-6ceb-8030-6149-2164e691deed&static_fare_key=TY%7CP1%7CH1%7CL1_1_23%7CCH0%7CR0%7CTBC1&itinerary_key=0rwDk0D7N1NbXDYHol_rgA&destination_airports=0&expected_price_source=share&expected_price_currency=usd&expected_price=224&marker=747646,2027-06-11T22:40:00+05:00,285.0
2026-08-30T17:45:45.666924+00:00,TAS,BKK,Tashkent -> Bangkok,209,https://www.aviasales.com/search/TAS0110BKK1?t=C617908857001790917200000405TASBKK_d719b11fc3811132f94266edeb3f0cfc_17977&search_date=30082026&expected_price_uuid=01a05391-7de5-8050-a854-1445bda25609&static_fare_key=TY%7CP1%7CH1%7CL0%7CCH0%7CR0%7CTBC0&itinerary_key=yw96POh7r7hpKXU6BByHmw&expected_price_source=share&expected_price_currency=usd&expected_price=209&marker=747646,2026-10-01T20:15:00+05:00,32.0
2026-08-30T17:45:45.666924+00:00,TAS,BCN,Tashkent -> Barcelona,212,https://www.aviasales.com/search/TAS1511BCN1?t=W417947452001794831900001685TASEVNMXPBCN_4efcfc512b6365461a4197b8b426cb95_18265&search_date=29082026&expected_price_uuid=01a04d23-f784-8030-ec6e-8ef75b32b595&static_fare_key=TY%7CP0%7CH0%7CL0%7CCH0%7CR0%7CTBC0&itinerary_key=xlzONWZ0SuH0l0KLFK1xCg&expected_price_source=share&expected_price_currency=usd&expected_price=212&marker=747646,2026-11-15T12:20:00+05:00,77.0
2026-08-30T17:45:45.666924+00:00,TAS,VCE,Tashkent -> Venice,225,https://www.aviasales.com/search/TAS0811VCE1?t=5F17941254001794170400000990TASRMOVCE_8d46cbe1d5a0b64de1059cbedcc1608f_18833&search_date=25082026&expected_price_uuid=01a03ac7-1949-8030-a74c-4825f3eb7c24&static_fare_key=TY%7CP1%7CH0%7CL0%7CCH0%7CR0%7CTBC0&itinerary_key=hVQG0FLAeTrXDbKBhMpIvw&expected_price_source=share&expected_price_currency=usd&expected_price=225&marker=747646,2026-11-08T08:10:00+05:00,70.0
2026-08-30T17:45:45.666924+00:00,TAS,LON,Tashkent -> London,152,https://www.aviasales.com/search/TAS0702LON1?t=VF18019989001802097600001945TASBSZSAWSTN_670c9c36ac9347967e32ff23f89a572f_13036&search_date=30082026&expected_price_uuid=01a050ad-70f0-8030-a968-fcd60ca9f723&static_fare_key=TY%7CP0%7CH0%7CL0%7CCH0%7CR0%7CTBC0&itinerary_key=iVaWi7oCocF4jMBkJHCE8A&expected_price_source=share&expected_price_currency=usd&expected_price=152&marker=747646,2027-02-07T11:15:00+05:00,161.0
2026-08-30T17:45:45.666924+00:00,SKD,MOW,Samarkand -> Moscow,76,https://www.aviasales.com/search/SKD2207MOW1?t=HH18162396001816301700001155SKDTASVKO_9afe4afd2517c4563407b26e52972437_6497&search_date=28082026&expected_price_uuid=01a04890-d616-8030-6a05-0a90ab76f028&static_fare_key=TY%7CP1%7CH1%7CL1_1_25%7CCH0%7CR0%7CTBC1&itinerary_key=_-Lt-uL20O50LxpUclNKGw&expected_price_source=share&expected_price_currency=usd&expected_price=76&marker=747646,2027-07-22T07:00:00+05:00,326.0
2026-08-30T17:45:45.666924+00:00,MOW,IST,Moscow -> Istanbul,94,https://www.aviasales.com/search/MOW3108IST1?t=DP17881590001788178200000320VKOIST_494ceddb97a2390e48549e46f4400fd4_8047&search_date=30082026&expected_price_uuid=01a053c5-1992-8030-aac0-4233c3f55457&static_fare_key=TY%7CP0%7CH1%7CL0%7CCH1%7CR0%7CTBC0&itinerary_key=SNsTbH_zp9SrlfBQ4A2-gQ&expected_price_source=share&expected_price_currency=usd&expected_price=94&marker=747646,2026-08-31T06:50:00+03:00,1.0
2026-08-30T17:45:45.666924+00:00,MOW,DXB,Moscow -> Dubai,182,https://www.aviasales.com/search/MOW0412DXB1?t=DP17963751001796398800000335VKODWC_373788f8d2624015bdd7b891a4ea79f1_15660&search_date=30082026&expected_price_uuid=01a05357-36a0-8050-efed-1c66fc239687&static_fare_key=TY%7CP0%7CH1%7CL0%7CCH1%7CR0%7CTBC0&itinerary_key=fH2UXwWeh0BM60GVVnwaZA&expected_price_source=share&expected_price_currency=usd&expected_price=182&marker=747646,2026-12-04T09:05:00+03:00,96.0
2026-08-30T17:45:45.666924+00:00,MOW,TAS,Moscow -> Tashkent,111,https://www.aviasales.com/search/MOW0903TAS1?t=DP18046212001804643400000250VKOTAS_216d7446b679d91f019f75d701259996_9579&search_date=29082026&expected_price_uuid=01a04d10-d0fa-8030-e844-d24fdd61a534&static_fare_key=TY%7CP0%7CH1%7CL0%7CCH1%7CR0%7CTBC0&itinerary_key=bjxuAmR-ikZ8gyuY57SXhw&expected_price_source=share&expected_price_currency=usd&expected_price=111&marker=747646,2027-03-09T19:40:00+03:00,191.0
2026-08-30T17:45:45.666924+00:00,LON,IST,London -> Istanbul,46,https://www.aviasales.com/search/LON1410IST1?t=W917919615001791983400000245LTNIST_3388737c2a24ac25517a3b1606438c14_3926&search_date=29082026&expected_price_uuid=01a04f07-3f8f-8050-2ff7-22e8600d6dde&static_fare_key=TY%7CP1%7CH0%7CL0%7CCH0%7CR0%7CTBC0&itinerary_key=Wqrx2jlYOtyY6qJVXojV8w&expected_price_source=share&expected_price_currency=usd&expected_price=46&marker=747646,2026-10-14T07:05:00+01:00,45.0
2026-08-30T17:45:45.666924+00:00,LON,TAS,London -> Tashkent,199,https://www.aviasales.com/search/LON1501TAS1?t=W618000123001800183600002555LTNBTSEVNTAS_804b99512a0127f1592c057bcede3395_17090&search_date=30082026&expected_price_uuid=01a05021-cf51-8030-ede2-6ca13fb63e46&static_fare_key=TY%7CP0%7CH0%7CL0%7CCH0%7CR0%7CTBC0&itinerary_key=aKbxpz0KKSk7aNUly6X78g&expected_price_source=share&expected_price_currency=usd&expected_price=199&marker=747646,2027-01-15T11:25:00Z,138.0
2026-08-30T17:45:45.666924+00:00,LON,DXB,London -> Dubai,90,https://www.aviasales.com/search/LON2110DXB1?t=VF17926194001792720500001505LTNTIASAWDXB_99d12f25f067ff4115aff6636aa5810e_7768&search_date=29082026&expected_price_uuid=01a04fc8-35bf-8030-644f-10beb25027c9&static_fare_key=TY%7CP1%7CH0%7CL0%7CCH0%7CR0%7CTBC0&itinerary_key=gwzbVvrSpXL_RnXWkTbvLA&expected_price_source=share&expected_price_currency=usd&expected_price=90&marker=747646,2026-10-21T21:50:00+01:00,52.0
2026-08-30T17:45:45.666924+00:00,DXB,IST,Dubai -> Istanbul,96,https://www.aviasales.com/search/SHJ2309IST1?t=PC17901390001790152200000280SHJSAW_4b9ce34d00449cd5b5f5a4d787a5375d_8283&search_date=30082026&expected_price_uuid=01a05248-d3b9-8050-a717-3ef515142d06&static_fare_key=TY%7CP1%7CH0%7CL0%7CCH0%7CR0%7CTBC0&itinerary_key=5mw-OnNPHklDlmetw3v2Kg&expected_price_source=share&expected_price_currency=usd&expected_price=96&marker=747646,2026-09-23T04:50:00+04:00,24.0
2026-08-30T17:45:45.666924+00:00,DXB,LON,Dubai -> London,123,https://www.aviasales.com/search/DXB0210LON1?t=VF17909103001790952000000875DXBSAWSTN_1d54ced6956037100e42ba54008e7156_10620&search_date=29082026&expected_price_uuid=01a04ecc-2c7a-8030-2234-20a0289d665b&static_fare_key=TY%7CP1%7CH0%7CL0%7CCH0%7CR0%7CTBC0&itinerary_key=GmO7F-G4x1YUyNWcr3kDPg&expected_price_source=share&expected_price_currency=usd&expected_price=123&marker=747646,2026-10-02T03:05:00+04:00,33.0
2026-08-30T17:45:45.666924+00:00,DXB,BKK,Dubai -> Bangkok,136,https://www.aviasales.com/search/SHJ0509BKK1?t=AI17886279001788726300001460SHJATQDELBKK_518ee4aa35a45b515cf17268a80dc353_11721&search_date=29082026&expected_price_uuid=01a04f77-c80b-8030-22cd-6a089cbf3991&static_fare_key=TY%7CP0%7CH1%7CL1_1_25%7CCH1%7CR1%7CTBC1&itinerary_key=VWNaESZqEyp0lthFo-Vdeg&expected_price_source=share&expected_price_currency=usd&expected_price=136&marker=747646,2026-09-05T17:05:00+04:00,6.0
2026-08-30T20:52:57.004180+00:00,TAS,IST,Tashkent -> Istanbul,166,https://www.aviasales.com/search/TAS0509IST1?t=C617886102001788623100000335TASIST_9c966dde2dc6b1462a30804b68f1804e_14313&search_date=30082026&expected_price_uuid=01a0546c-4d73-8030-67cd-b758e969a27d&static_fare_key=TY%7CP1%7CH0%7CL1_2_0%7CCH0%7CR0%7CTBC1&itinerary_key=h6hCiUGjYAZIcjId7nuvfg&expected_price_source=share&expected_price_currency=usd&expected_price=166&marker=747646,2026-09-05T12:10:00+05:00,6.0
2026-08-30T20:52:57.004180+00:00,TAS,DXB,Tashkent -> Dubai,159,https://www.aviasales.com/search/TAS0610SHJ1?t=G917912571001791266100000210TASSHJ_f2d364d1096cf34ece03ef85df0c7d57_13672&search_date=30082026&expected_price_uuid=01a05090-5eff-8040-64c8-1f002d8fde91&static_fare_key=TY%7CP0%7CH1%7CL0%7CCH1%7CR0%7CTBC0&itinerary_key=IRE3lxaQa9d4J22ZALr1cg&expected_price_source=share&expected_price_currency=usd&expected_price=159&marker=747646,2026-10-06T03:25:00+05:00,37.0
2026-08-30T20:52:57.004180+00:00,TAS,ICN,Tashkent -> Seoul,224,https://www.aviasales.com/search/TAS1106ICN1?t=HY18127536001812789600000360TASICN_f4f8100dd88db5230e4b5f1ef0293afc_18825&search_date=26082026&expected_price_uuid=01a03dfe-6ceb-8030-6149-2164e691deed&static_fare_key=TY%7CP1%7CH1%7CL1_1_23%7CCH0%7CR0%7CTBC1&itinerary_key=0rwDk0D7N1NbXDYHol_rgA&destination_airports=0&expected_price_source=share&expected_price_currency=usd&expected_price=224&marker=747646,2027-06-11T22:40:00+05:00,285.0
2026-08-30T20:52:57.004180+00:00,TAS,BKK,Tashkent -> Bangkok,209,https://www.aviasales.com/search/TAS0110BKK1?t=C617908857001790917200000405TASBKK_d719b11fc3811132f94266edeb3f0cfc_17977&search_date=30082026&expected_price_uuid=01a0543a-18ff-8051-2c96-d3cf3d908745&static_fare_key=TY%7CP1%7CH1%7CL0%7CCH0%7CR0%7CTBC0&itinerary_key=yw96POh7r7hpKXU6BByHmw&expected_price_source=share&expected_price_currency=usd&expected_price=209&marker=747646,2026-10-01T20:15:00+05:00,32.0
2026-08-30T20:52:57.004180+00:00,TAS,BCN,Tashkent -> Barcelona,212,https://www.aviasales.com/search/TAS1511BCN1?t=W417947452001794831900001685TASEVNMXPBCN_4efcfc512b6365461a4197b8b426cb95_18265&search_date=29082026&expected_price_uuid=01a04d23-f784-8030-ec6e-8ef75b32b595&static_fare_key=TY%7CP0%7CH0%7CL0%7CCH0%7CR0%7CTBC0&itinerary_key=xlzONWZ0SuH0l0KLFK1xCg&expected_price_source=share&expected_price_currency=usd&expected_price=212&marker=747646,2026-11-15T12:20:00+05:00,77.0
2026-08-30T20:52:57.004180+00:00,TAS,VCE,Tashkent -> Venice,225,https://www.aviasales.com/search/TAS0811VCE1?t=5F17941254001794170400000990TASRMOVCE_8d46cbe1d5a0b64de1059cbedcc1608f_18833&search_date=25082026&expected_price_uuid=01a03ac7-1949-8030-a74c-4825f3eb7c24&static_fare_key=TY%7CP1%7CH0%7CL0%7CCH0%7CR0%7CTBC0&itinerary_key=hVQG0FLAeTrXDbKBhMpIvw&expected_price_source=share&expected_price_currency=usd&expected_price=225&marker=747646,2026-11-08T08:10:00+05:00,70.0
2026-08-30T20:52:57.004180+00:00,TAS,LON,Tashkent -> London,152,https://www.aviasales.com/search/TAS0702LON1?t=VF18019989001802097600001945TASBSZSAWSTN_670c9c36ac9347967e32ff23f89a572f_13036&search_date=30082026&expected_price_uuid=01a050ad-70f0-8030-a968-fcd60ca9f723&static_fare_key=TY%7CP0%7CH0%7CL0%7CCH0%7CR0%7CTBC0&itinerary_key=iVaWi7oCocF4jMBkJHCE8A&expected_price_source=share&expected_price_currency=usd&expected_price=152&marker=747646,2027-02-07T11:15:00+05:00,161.0
2026-08-30T20:52:57.004180+00:00,SKD,MOW,Samarkand -> Moscow,76,https://www.aviasales.com/search/SKD2207MOW1?t=HH18162396001816301700001155SKDTASVKO_9afe4afd2517c4563407b26e52972437_6497&search_date=28082026&expected_price_uuid=01a04890-d616-8030-6a05-0a90ab76f028&static_fare_key=TY%7CP1%7CH1%7CL1_1_25%7CCH0%7CR0%7CTBC1&itinerary_key=_-Lt-uL20O50LxpUclNKGw&expected_price_source=share&expected_price_currency=usd&expected_price=76&marker=747646,2027-07-22T07:00:00+05:00,326.0
2026-08-30T20:52:57.004180+00:00,MOW,IST,Moscow -> Istanbul,93,https://www.aviasales.com/search/MOW3108IST1?t=DP17881590001788178200000320VKOIST_494ceddb97a2390e48549e46f4400fd4_8032&search_date=30082026&expected_price_uuid=01a05470-041a-8051-2855-1c74c4ff8284&static_fare_key=TY%7CP0%7CH1%7CL0%7CCH1%7CR0%7CTBC0&itinerary_key=SNsTbH_zp9SrlfBQ4A2-gQ&expected_price_source=share&expected_price_currency=usd&expected_price=93&marker=747646,2026-08-31T06:50:00+03:00,1.0
2026-08-30T20:52:57.004180+00:00,MOW,DXB,Moscow -> Dubai,183,https://www.aviasales.com/search/MOW2001DXB1?t=DP18004359001800459600000335VKODWC_ce0e3b8a2540e0dcfd47d77750b634f1_15767&search_date=30082026&expected_price_uuid=01a0546f-02fd-8050-28ac-e10eb43b5c76&static_fare_key=TY%7CP0%7CH1%7CL0%7CCH1%7CR0%7CTBC0&itinerary_key=fH2UXwWeh0BM60GVVnwaZA&expected_price_source=share&expected_price_currency=usd&expected_price=183&marker=747646,2027-01-20T09:05:00+03:00,143.0
2026-08-30T20:52:57.004180+00:00,MOW,TAS,Moscow -> Tashkent,111,https://www.aviasales.com/search/MOW0903TAS1?t=DP18046212001804643400000250VKOTAS_216d7446b679d91f019f75d701259996_9579&search_date=29082026&expected_price_uuid=01a04d10-d0fa-8030-e844-d24fdd61a534&static_fare_key=TY%7CP0%7CH1%7CL0%7CCH1%7CR0%7CTBC0&itinerary_key=bjxuAmR-ikZ8gyuY57SXhw&expected_price_source=share&expected_price_currency=usd&expected_price=111&marker=747646,2027-03-09T19:40:00+03:00,191.0
2026-08-30T20:52:57.004180+00:00,LON,IST,London -> Istanbul,46,https://www.aviasales.com/search/LON1410IST1?t=W917919615001791983400000245LTNIST_3388737c2a24ac25517a3b1606438c14_3926&search_date=29082026&expected_price_uuid=01a04f07-3f8f-8050-2ff7-22e8600d6dde&static_fare_key=TY%7CP1%7CH0%7CL0%7CCH0%7CR0%7CTBC0&itinerary_key=Wqrx2jlYOtyY6qJVXojV8w&expected_price_source=share&expected_price_currency=usd&expected_price=46&marker=747646,2026-10-14T07:05:00+01:00,45.0
2026-08-30T20:52:57.004180+00:00,LON,TAS,London -> Tashkent,199,https://www.aviasales.com/search/LON1501TAS1?t=W618000123001800183600002555LTNBTSEVNTAS_804b99512a0127f1592c057bcede3395_17090&search_date=30082026&expected_price_uuid=01a05021-cf51-8030-ede2-6ca13fb63e46&static_fare_key=TY%7CP0%7CH0%7CL0%7CCH0%7CR0%7CTBC0&itinerary_key=aKbxpz0KKSk7aNUly6X78g&expected_price_source=share&expected_price_currency=usd&expected_price=199&marker=747646,2027-01-15T11:25:00Z,138.0
2026-08-30T20:52:57.004180+00:00,LON,DXB,London -> Dubai,90,https://www.aviasales.com/search/LON2110DXB1?t=VF17926194001792720500001505LTNTIASAWDXB_99d12f25f067ff4115aff6636aa5810e_7768&search_date=29082026&expected_price_uuid=01a04fc8-35bf-8030-644f-10beb25027c9&static_fare_key=TY%7CP1%7CH0%7CL0%7CCH0%7CR0%7CTBC0&itinerary_key=gwzbVvrSpXL_RnXWkTbvLA&expected_price_source=share&expected_price_currency=usd&expected_price=90&marker=747646,2026-10-21T21:50:00+01:00,52.0
2026-08-30T20:52:57.004180+00:00,DXB,IST,Dubai -> Istanbul,97,https://www.aviasales.com/search/SHJ2309IST1?t=PC17901390001790152200000280SHJSAW_4b9ce34d00449cd5b5f5a4d787a5375d_8344&search_date=30082026&expected_price_uuid=01a053ef-38b3-8050-eab0-2a72c222f579&static_fare_key=TY%7CP1%7CH0%7CL0%7CCH0%7CR0%7CTBC0&itinerary_key=5mw-OnNPHklDlmetw3v2Kg&expected_price_source=share&expected_price_currency=usd&expected_price=97&marker=747646,2026-09-23T04:50:00+04:00,24.0
2026-08-30T20:52:57.004180+00:00,DXB,LON,Dubai -> London,123,https://www.aviasales.com/search/DXB0210LON1?t=VF17909103001790952000000875DXBSAWSTN_1d54ced6956037100e42ba54008e7156_10620&search_date=29082026&expected_price_uuid=01a04ecc-2c7a-8030-2234-20a0289d665b&static_fare_key=TY%7CP1%7CH0%7CL0%7CCH0%7CR0%7CTBC0&itinerary_key=GmO7F-G4x1YUyNWcr3kDPg&expected_price_source=share&expected_price_currency=usd&expected_price=123&marker=747646,2026-10-02T03:05:00+04:00,33.0
2026-08-30T20:52:57.004180+00:00,DXB,BKK,Dubai -> Bangkok,136,https://www.aviasales.com/search/SHJ0509BKK1?t=AI17886279001788726300001460SHJATQDELBKK_518ee4aa35a45b515cf17268a80dc353_11721&search_date=29082026&expected_price_uuid=01a04f77-c80b-8030-22cd-6a089cbf3991&static_fare_key=TY%7CP0%7CH1%7CL1_1_25%7CCH1%7CR1%7CTBC1&itinerary_key=VWNaESZqEyp0lthFo-Vdeg&expected_price_source=share&expected_price_currency=usd&expected_price=136&marker=747646,2026-09-05T17:05:00+04:00,6.0
2026-08-31T04:18:55.640677+00:00,TAS,IST,Tashkent -> Istanbul,166,https://www.aviasales.com/search/TAS0906IST1?t=HH18125232001812535800000330TASIST_256a3e8112d6d0e0b975192176f62ea6_14319&search_date=30082026&expected_price_uuid=01a052ec-a9c6-8030-2e12-1acb6e82917d&static_fare_key=TY%7CP0%7CH0%7CL0%7CCH0%7CR0%7CTBC0&itinerary_key=vSghBmCpo-k7VKCW4VNV2w&expected_price_source=share&expected_price_currency=usd&expected_price=166&marker=747646,2027-06-09T06:40:00+05:00,282.0
2026-08-31T04:18:55.640677+00:00,TAS,DXB,Tashkent -> Dubai,136,https://www.aviasales.com/search/TAS1011SHJ1?t=G917942826001794292500000225TASSHJ_94a0edebdd55f4cc87cf0145520fc3de_11657&search_date=31082026&expected_price_uuid=01a05545-37ac-8030-edb1-68473cfe83a2&static_fare_key=TY%7CP0%7CH1%7CL0%7CCH1%7CR0%7CTBC0&itinerary_key=6fT3Z6yX_mMOgWq5D840xQ&expected_price_source=share&expected_price_currency=usd&expected_price=136&marker=747646,2026-11-10T03:50:00+05:00,71.0
2026-08-31T04:18:55.640677+00:00,TAS,ICN,Tashkent -> Seoul,224,https://www.aviasales.com/search/TAS1106ICN1?t=HY18127536001812789600000360TASICN_f4f8100dd88db5230e4b5f1ef0293afc_18825&search_date=26082026&expected_price_uuid=01a03dfe-6ceb-8030-6149-2164e691deed&static_fare_key=TY%7CP1%7CH1%7CL1_1_23%7CCH0%7CR0%7CTBC1&itinerary_key=0rwDk0D7N1NbXDYHol_rgA&destination_airports=0&expected_price_source=share&expected_price_currency=usd&expected_price=224&marker=747646,2027-06-11T22:40:00+05:00,284.0
2026-08-31T04:18:55.640677+00:00,TAS,BKK,Tashkent -> Bangkok,209,https://www.aviasales.com/search/TAS0110BKK1?t=C617908857001790917200000405TASBKK_d719b11fc3811132f94266edeb3f0cfc_17977&search_date=31082026&expected_price_uuid=01a055a0-85e8-8030-a5da-74cb3b6d51d0&static_fare_key=TY%7CP0%7CH1%7CL0%7CCH0%7CR0%7CTBC0&itinerary_key=yw96POh7r7hpKXU6BByHmw&expected_price_source=share&expected_price_currency=usd&expected_price=209&marker=747646,2026-10-01T20:15:00+05:00,31.0
2026-08-31T04:18:55.640677+00:00,TAS,BCN,Tashkent -> Barcelona,212,https://www.aviasales.com/search/TAS1511BCN1?t=W417947452001794831900001685TASEVNMXPBCN_4efcfc512b6365461a4197b8b426cb95_18265&search_date=29082026&expected_price_uuid=01a04d23-f784-8030-ec6e-8ef75b32b595&static_fare_key=TY%7CP0%7CH0%7CL0%7CCH0%7CR0%7CTBC0&itinerary_key=xlzONWZ0SuH0l0KLFK1xCg&expected_price_source=share&expected_price_currency=usd&expected_price=212&marker=747646,2026-11-15T12:20:00+05:00,76.0
2026-08-31T04:18:55.640677+00:00,TAS,VCE,Tashkent -> Venice,225,https://www.aviasales.com/search/TAS0811VCE1?t=5F17941254001794170400000990TASRMOVCE_8d46cbe1d5a0b64de1059cbedcc1608f_18833&search_date=25082026&expected_price_uuid=01a03ac7-1949-8030-a74c-4825f3eb7c24&static_fare_key=TY%7CP1%7CH0%7CL0%7CCH0%7CR0%7CTBC0&itinerary_key=hVQG0FLAeTrXDbKBhMpIvw&expected_price_source=share&expected_price_currency=usd&expected_price=225&marker=747646,2026-11-08T08:10:00+05:00,69.0
2026-08-31T04:18:55.640677+00:00,TAS,LON,Tashkent -> London,151,https://www.aviasales.com/search/TAS0702LON1?t=VF18019989001802097600001945TASBSZSAWSTN_670c9c36ac9347967e32ff23f89a572f_13011&search_date=31082026&expected_price_uuid=01a05554-7d00-8030-e72c-2184277ab1ea&static_fare_key=TY%7CP0%7CH0%7CL0%7CCH0%7CR0%7CTBC0&itinerary_key=iVaWi7oCocF4jMBkJHCE8A&expected_price_source=share&expected_price_currency=usd&expected_price=151&marker=747646,2027-02-07T11:15:00+05:00,160.0
2026-08-31T04:18:55.640677+00:00,SKD,MOW,Samarkand -> Moscow,76,https://www.aviasales.com/search/SKD2207MOW1?t=HH18162396001816301700001155SKDTASVKO_9afe4afd2517c4563407b26e52972437_6497&search_date=28082026&expected_price_uuid=01a04890-d616-8030-6a05-0a90ab76f028&static_fare_key=TY%7CP1%7CH1%7CL1_1_25%7CCH0%7CR0%7CTBC1&itinerary_key=_-Lt-uL20O50LxpUclNKGw&expected_price_source=share&expected_price_currency=usd&expected_price=76&marker=747646,2027-07-22T07:00:00+05:00,325.0
2026-08-31T04:18:55.640677+00:00,MOW,IST,Moscow -> Istanbul,93,https://www.aviasales.com/search/MOW3108IST1?t=DP17881665001788184800000305VKOIST_e6b8e74f4e356d9c4d25387834f905c6_8032&search_date=31082026&expected_price_uuid=01a05609-1152-8050-a3eb-aee9a2ac7ca0&static_fare_key=TY%7CP0%7CH1%7CL0%7CCH1%7CR0%7CTBC0&itinerary_key=ABjsPadwCz0vxs5cPF7fuA&expected_price_source=share&expected_price_currency=usd&expected_price=93&marker=747646,2026-08-31T08:55:00+03:00,0.0
2026-08-31T04:18:55.640677+00:00,MOW,DXB,Moscow -> Dubai,182,https://www.aviasales.com/search/MOW1201DXB1?t=DP17997447001799768400000335VKODWC_25954c08494dbda11367d61fdd76ff1b_15660&search_date=30082026&expected_price_uuid=01a054a4-e9a5-8030-e9b5-e24f63744906&static_fare_key=TY%7CP0%7CH1%7CL0%7CCH1%7CR0%7CTBC0&itinerary_key=fH2UXwWeh0BM60GVVnwaZA&expected_price_source=share&expected_price_currency=usd&expected_price=182&marker=747646,2027-01-12T09:05:00+03:00,134.0
2026-08-31T04:18:55.640677+00:00,MOW,TAS,Moscow -> Tashkent,110,https://www.aviasales.com/search/MOW2801TAS1?t=DP18011652001801187400000250VKOTAS_55ca3c9700cfa91a55d583b658cd3233_9498&search_date=31082026&expected_price_uuid=01a055eb-c5c9-8030-e952-7d42fd9487ba&static_fare_key=TY%7CP0%7CH1%7CL0%7CCH0%7CR0%7CTBC0&itinerary_key=bjxuAmR-ikZ8gyuY57SXhw&expected_price_source=share&expected_price_currency=usd&expected_price=110&marker=747646,2027-01-28T19:40:00+03:00,150.0
2026-08-31T04:18:55.640677+00:00,LON,IST,London -> Istanbul,46,https://www.aviasales.com/search/LON1410IST1?t=W917919615001791983400000245LTNIST_3388737c2a24ac25517a3b1606438c14_3926&search_date=29082026&expected_price_uuid=01a04f07-3f8f-8050-2ff7-22e8600d6dde&static_fare_key=TY%7CP1%7CH0%7CL0%7CCH0%7CR0%7CTBC0&itinerary_key=Wqrx2jlYOtyY6qJVXojV8w&expected_price_source=share&expected_price_currency=usd&expected_price=46&marker=747646,2026-10-14T07:05:00+01:00,44.0
2026-08-31T04:18:55.640677+00:00,LON,TAS,London -> Tashkent,215,https://www.aviasales.com/search/LON2901TAS1?t=W918012282001801393200002450LTNEVNTAS_d8f0939b5b81fe0bbf99b8c460b94903_18444&search_date=31082026&expected_price_uuid=01a055fc-045c-8040-a6a3-70cac4244f73&static_fare_key=TY%7CP0%7CH0%7CL0%7CCH0%7CR0%7CTBC0&itinerary_key=kSyc5YzpLaCFBBW9qxDInA&expected_price_source=share&expected_price_currency=usd&expected_price=215&marker=747646,2027-01-29T13:10:00Z,151.0
2026-08-31T04:18:55.640677+00:00,LON,DXB,London -> Dubai,90,https://www.aviasales.com/search/LON2110DXB1?t=VF17926194001792720500001505LTNTIASAWDXB_99d12f25f067ff4115aff6636aa5810e_7768&search_date=29082026&expected_price_uuid=01a04fc8-35bf-8030-644f-10beb25027c9&static_fare_key=TY%7CP1%7CH0%7CL0%7CCH0%7CR0%7CTBC0&itinerary_key=gwzbVvrSpXL_RnXWkTbvLA&expected_price_source=share&expected_price_currency=usd&expected_price=90&marker=747646,2026-10-21T21:50:00+01:00,51.0
2026-08-31T04:18:55.640677+00:00,DXB,IST,Dubai -> Istanbul,97,https://www.aviasales.com/search/SHJ2309IST1?t=PC17901390001790152200000280SHJSAW_4b9ce34d00449cd5b5f5a4d787a5375d_8344&search_date=30082026&expected_price_uuid=01a053ef-38b3-8050-eab0-2a72c222f579&static_fare_key=TY%7CP1%7CH0%7CL0%7CCH0%7CR0%7CTBC0&itinerary_key=5mw-OnNPHklDlmetw3v2Kg&expected_price_source=share&expected_price_currency=usd&expected_price=97&marker=747646,2026-09-23T04:50:00+04:00,23.0
2026-08-31T04:18:55.640677+00:00,DXB,LON,Dubai -> London,123,https://www.aviasales.com/search/DXB1609LON1?t=VF17895279001789555800000645DXBSAWSTN_7404406b1a9c9c9a9526e1c2d50073eb_10604&search_date=27082026&expected_price_uuid=01a044da-c0d4-8050-2a92-84b24bdff901&static_fare_key=TY%7CP1%7CH0%7CL0%7CCH0%7CR0%7CTBC0&itinerary_key=XzvHhWiwLmLKAgJZ6XWVjA&expected_price_source=share&expected_price_currency=usd&expected_price=123&marker=747646,2026-09-16T03:05:00+04:00,16.0
2026-08-31T04:18:55.640677+00:00,DXB,BKK,Dubai -> Bangkok,136,https://www.aviasales.com/search/SHJ0509BKK1?t=AI17886279001788726300001460SHJATQDELBKK_518ee4aa35a45b515cf17268a80dc353_11721&search_date=29082026&expected_price_uuid=01a04f77-c80b-8030-22cd-6a089cbf3991&static_fare_key=TY%7CP0%7CH1%7CL1_1_25%7CCH1%7CR1%7CTBC1&itinerary_key=VWNaESZqEyp0lthFo-Vdeg&expected_price_source=share&expected_price_currency=usd&expected_price=136&marker=747646,2026-09-05T17:05:00+04:00,5.0
2026-08-31T04:39:21.656271+00:00,TAS,IST,Tashkent -> Istanbul,166,https://www.aviasales.com/search/TAS0906IST1?t=HH18125232001812535800000330TASIST_256a3e8112d6d0e0b975192176f62ea6_14319&search_date=30082026&expected_price_uuid=01a052ec-a9c6-8030-2e12-1acb6e82917d&static_fare_key=TY%7CP0%7CH0%7CL0%7CCH0%7CR0%7CTBC0&itinerary_key=vSghBmCpo-k7VKCW4VNV2w&expected_price_source=share&expected_price_currency=usd&expected_price=166&marker=747646,2027-06-09T06:40:00+05:00,282.0
2026-08-31T04:39:21.656271+00:00,TAS,DXB,Tashkent -> Dubai,136,https://www.aviasales.com/search/TAS1011SHJ1?t=G917942826001794292500000225TASSHJ_94a0edebdd55f4cc87cf0145520fc3de_11657&search_date=31082026&expected_price_uuid=01a05545-37ac-8030-edb1-68473cfe83a2&static_fare_key=TY%7CP0%7CH1%7CL0%7CCH1%7CR0%7CTBC0&itinerary_key=6fT3Z6yX_mMOgWq5D840xQ&expected_price_source=share&expected_price_currency=usd&expected_price=136&marker=747646,2026-11-10T03:50:00+05:00,71.0
2026-08-31T04:39:21.656271+00:00,TAS,ICN,Tashkent -> Seoul,224,https://www.aviasales.com/search/TAS1106ICN1?t=HY18127536001812789600000360TASICN_f4f8100dd88db5230e4b5f1ef0293afc_18825&search_date=26082026&expected_price_uuid=01a03dfe-6ceb-8030-6149-2164e691deed&static_fare_key=TY%7CP1%7CH1%7CL1_1_23%7CCH0%7CR0%7CTBC1&itinerary_key=0rwDk0D7N1NbXDYHol_rgA&destination_airports=0&expected_price_source=share&expected_price_currency=usd&expected_price=224&marker=747646,2027-06-11T22:40:00+05:00,284.0
2026-08-31T04:39:21.656271+00:00,TAS,BKK,Tashkent -> Bangkok,223,https://www.aviasales.com/search/TAS0709BKK1?t=HY17888220001788851400000370TASBKK_ac1c96f1b326b15038bee3e0d4aa86fb_19156&search_date=31082026&expected_price_uuid=01a0561b-846c-8030-6b6d-ccb3a80bc992&static_fare_key=TY%7CP0%7CH1%7CL0%7CCH0%7CR0%7CTBC0&itinerary_key=t4irZVdZeLbFaojYDTsNow&expected_price_source=share&expected_price_currency=usd&expected_price=223&marker=747646,2026-09-07T23:00:00+05:00,7.0
2026-08-31T04:39:21.656271+00:00,TAS,BCN,Tashkent -> Barcelona,212,https://www.aviasales.com/search/TAS1511BCN1?t=W417947452001794831900001685TASEVNMXPBCN_4efcfc512b6365461a4197b8b426cb95_18265&search_date=29082026&expected_price_uuid=01a04d23-f784-8030-ec6e-8ef75b32b595&static_fare_key=TY%7CP0%7CH0%7CL0%7CCH0%7CR0%7CTBC0&itinerary_key=xlzONWZ0SuH0l0KLFK1xCg&expected_price_source=share&expected_price_currency=usd&expected_price=212&marker=747646,2026-11-15T12:20:00+05:00,76.0
2026-08-31T04:39:21.656271+00:00,TAS,VCE,Tashkent -> Venice,225,https://www.aviasales.com/search/TAS0811VCE1?t=5F17941254001794170400000990TASRMOVCE_8d46cbe1d5a0b64de1059cbedcc1608f_18833&search_date=25082026&expected_price_uuid=01a03ac7-1949-8030-a74c-4825f3eb7c24&static_fare_key=TY%7CP1%7CH0%7CL0%7CCH0%7CR0%7CTBC0&itinerary_key=hVQG0FLAeTrXDbKBhMpIvw&expected_price_source=share&expected_price_currency=usd&expected_price=225&marker=747646,2026-11-08T08:10:00+05:00,69.0
2026-08-31T04:39:21.656271+00:00,TAS,LON,Tashkent -> London,151,https://www.aviasales.com/search/TAS1402LON1?t=VF18026037001802702400001945TASBSZSAWSTN_15e09a608f68b4d62282dc4c63d74ca7_13011&search_date=31082026&expected_price_uuid=01a05616-c864-8040-6b74-7db4c033efc8&static_fare_key=TY%7CP0%7CH0%7CL0%7CCH0%7CR0%7CTBC0&itinerary_key=iVaWi7oCocF4jMBkJHCE8A&expected_price_source=share&expected_price_currency=usd&expected_price=151&marker=747646,2027-02-14T11:15:00+05:00,167.0
2026-08-31T04:39:21.656271+00:00,SKD,MOW,Samarkand -> Moscow,76,https://www.aviasales.com/search/SKD2207MOW1?t=HH18162396001816301700001155SKDTASVKO_9afe4afd2517c4563407b26e52972437_6497&search_date=28082026&expected_price_uuid=01a04890-d616-8030-6a05-0a90ab76f028&static_fare_key=TY%7CP1%7CH1%7CL1_1_25%7CCH0%7CR0%7CTBC1&itinerary_key=_-Lt-uL20O50LxpUclNKGw&expected_price_source=share&expected_price_currency=usd&expected_price=76&marker=747646,2027-07-22T07:00:00+05:00,325.0
2026-08-31T04:39:21.656271+00:00,MOW,IST,Moscow -> Istanbul,113,https://www.aviasales.com/search/MOW3108IST1?t=U617881812001788200100000315DMEIST_f56485b4440a492f3d4734ba2502a399_9740&search_date=31082026&expected_price_uuid=01a0561a-f4b0-8050-ed86-f80de7619a0f&static_fare_key=TY%7CP1%7CH1%7CL0%7CCH1%7CR0%7CTBC0&itinerary_key=SqedY8vLUpbl8T-JTiDfEA&expected_price_source=share&expected_price_currency=usd&expected_price=113&marker=747646,2026-08-31T13:00:00+03:00,0.0
2026-08-31T04:39:21.656271+00:00,MOW,DXB,Moscow -> Dubai,182,https://www.aviasales.com/search/MOW1201DXB1?t=DP17997447001799768400000335VKODWC_25954c08494dbda11367d61fdd76ff1b_15660&search_date=30082026&expected_price_uuid=01a054a4-e9a5-8030-e9b5-e24f63744906&static_fare_key=TY%7CP0%7CH1%7CL0%7CCH1%7CR0%7CTBC0&itinerary_key=fH2UXwWeh0BM60GVVnwaZA&expected_price_source=share&expected_price_currency=usd&expected_price=182&marker=747646,2027-01-12T09:05:00+03:00,134.0
2026-08-31T04:39:21.656271+00:00,MOW,TAS,Moscow -> Tashkent,110,https://www.aviasales.com/search/MOW2801TAS1?t=DP18011652001801187400000250VKOTAS_55ca3c9700cfa91a55d583b658cd3233_9498&search_date=31082026&expected_price_uuid=01a055eb-c5c9-8030-e952-7d42fd9487ba&static_fare_key=TY%7CP0%7CH1%7CL0%7CCH0%7CR0%7CTBC0&itinerary_key=bjxuAmR-ikZ8gyuY57SXhw&expected_price_source=share&expected_price_currency=usd&expected_price=110&marker=747646,2027-01-28T19:40:00+03:00,150.0
2026-08-31T04:39:21.656271+00:00,LON,IST,London -> Istanbul,46,https://www.aviasales.com/search/LON1410IST1?t=W917919615001791983400000245LTNIST_3388737c2a24ac25517a3b1606438c14_3926&search_date=29082026&expected_price_uuid=01a04f07-3f8f-8050-2ff7-22e8600d6dde&static_fare_key=TY%7CP1%7CH0%7CL0%7CCH0%7CR0%7CTBC0&itinerary_key=Wqrx2jlYOtyY6qJVXojV8w&expected_price_source=share&expected_price_currency=usd&expected_price=46&marker=747646,2026-10-14T07:05:00+01:00,44.0
2026-08-31T04:39:21.656271+00:00,LON,TAS,London -> Tashkent,215,https://www.aviasales.com/search/LON2901TAS1?t=W918012282001801393200002450LTNEVNTAS_d8f0939b5b81fe0bbf99b8c460b94903_18444&search_date=31082026&expected_price_uuid=01a055fc-045c-8040-a6a3-70cac4244f73&static_fare_key=TY%7CP0%7CH0%7CL0%7CCH0%7CR0%7CTBC0&itinerary_key=kSyc5YzpLaCFBBW9qxDInA&expected_price_source=share&expected_price_currency=usd&expected_price=215&marker=747646,2027-01-29T13:10:00Z,151.0
2026-08-31T04:39:21.656271+00:00,LON,DXB,London -> Dubai,90,https://www.aviasales.com/search/LON2110DXB1?t=VF17926194001792720500001505LTNTIASAWDXB_99d12f25f067ff4115aff6636aa5810e_7768&search_date=29082026&expected_price_uuid=01a04fc8-35bf-8030-644f-10beb25027c9&static_fare_key=TY%7CP1%7CH0%7CL0%7CCH0%7CR0%7CTBC0&itinerary_key=gwzbVvrSpXL_RnXWkTbvLA&expected_price_source=share&expected_price_currency=usd&expected_price=90&marker=747646,2026-10-21T21:50:00+01:00,51.0
2026-08-31T04:39:21.656271+00:00,DXB,IST,Dubai -> Istanbul,97,https://www.aviasales.com/search/SHJ2309IST1?t=PC17901390001790152200000280SHJSAW_4b9ce34d00449cd5b5f5a4d787a5375d_8344&search_date=30082026&expected_price_uuid=01a053ef-38b3-8050-eab0-2a72c222f579&static_fare_key=TY%7CP1%7CH0%7CL0%7CCH0%7CR0%7CTBC0&itinerary_key=5mw-OnNPHklDlmetw3v2Kg&expected_price_source=share&expected_price_currency=usd&expected_price=97&marker=747646,2026-09-23T04:50:00+04:00,23.0
2026-08-31T04:39:21.656271+00:00,DXB,LON,Dubai -> London,123,https://www.aviasales.com/search/DXB1609LON1?t=VF17895279001789555800000645DXBSAWSTN_7404406b1a9c9c9a9526e1c2d50073eb_10604&search_date=27082026&expected_price_uuid=01a044da-c0d4-8050-2a92-84b24bdff901&static_fare_key=TY%7CP1%7CH0%7CL0%7CCH0%7CR0%7CTBC0&itinerary_key=XzvHhWiwLmLKAgJZ6XWVjA&expected_price_source=share&expected_price_currency=usd&expected_price=123&marker=747646,2026-09-16T03:05:00+04:00,16.0
2026-08-31T04:39:21.656271+00:00,DXB,BKK,Dubai -> Bangkok,136,https://www.aviasales.com/search/SHJ0509BKK1?t=AI17886279001788726300001460SHJATQDELBKK_518ee4aa35a45b515cf17268a80dc353_11721&search_date=29082026&expected_price_uuid=01a04f77-c80b-8030-22cd-6a089cbf3991&static_fare_key=TY%7CP0%7CH1%7CL1_1_25%7CCH1%7CR1%7CTBC1&itinerary_key=VWNaESZqEyp0lthFo-Vdeg&expected_price_source=share&expected_price_currency=usd&expected_price=136&marker=747646,2026-09-05T17:05:00+04:00,5.0
2026-08-31T13:04:47.346648+00:00,TAS,IST,Tashkent -> Istanbul,165,https://www.aviasales.com/search/TAS0209IST1?t=C617883510001788363900000335TASIST_cccd4bc04205948e76426c651314c695_14325&search_date=31082026&expected_price_uuid=01a057e3-5564-8030-e915-fb28c8e59d45&static_fare_key=TY%7CP1%7CH0%7CL1_2_0%7CCH0%7CR0%7CTBC1&itinerary_key=h6hCiUGjYAZIcjId7nuvfg&expected_price_source=share&expected_price_currency=usd&expected_price=165&marker=747646,2026-09-02T12:10:00+05:00,2.0
2026-08-31T13:04:47.346648+00:00,TAS,DXB,Tashkent -> Dubai,134,https://www.aviasales.com/search/TAS1010SHJ1?t=G917916027001791611700000210TASSHJ_153dbc6104029cec3dfe257126ae1daf_11589&search_date=31082026&expected_price_uuid=01a05744-c75a-8050-a8d3-464876af278d&static_fare_key=TY%7CP1%7CH1%7CL0%7CCH1%7CR0%7CTBC0&itinerary_key=IRE3lxaQa9d4J22ZALr1cg&expected_price_source=share&expected_price_currency=usd&expected_price=134&marker=747646,2026-10-10T03:25:00+05:00,40.0
2026-08-31T13:04:47.346648+00:00,TAS,ICN,Tashkent -> Seoul,235,https://www.aviasales.com/search/TAS0503ICN1?t=HH18042816001804320000000400TASICN_cc554835eebc37eb85ccb09cf9d75930_20159&search_date=27082026&expected_price_uuid=01a04577-bd2e-8051-2f60-1793d4d0d76d&static_fare_key=TY%7CP1%7CH1%7CL0%7CCH1%7CR0%7CTBC0&itinerary_key=VR27uDKawvF2Hpj8OaLKzQ&destination_airports=0&expected_price_source=share&expected_price_currency=usd&expected_price=235&marker=747646,2027-03-05T21:20:00+05:00,186.0
2026-08-31T13:04:47.346648+00:00,TAS,BKK,Tashkent -> Bangkok,207,https://www.aviasales.com/search/TAS0110BKK1?t=C617908857001790917200000405TASBKK_d719b11fc3811132f94266edeb3f0cfc_17925&search_date=31082026&expected_price_uuid=01a05795-06e6-8030-a53c-b2f742604255&static_fare_key=TY%7CP1%7CH1%7CL0%7CCH0%7CR0%7CTBC0&itinerary_key=yw96POh7r7hpKXU6BByHmw&expected_price_source=share&expected_price_currency=usd&expected_price=207&marker=747646,2026-10-01T20:15:00+05:00,31.0
2026-08-31T13:04:47.346648+00:00,TAS,BCN,Tashkent -> Barcelona,212,https://www.aviasales.com/search/TAS1511BCN1?t=W417947452001794831900001685TASEVNMXPBCN_4efcfc512b6365461a4197b8b426cb95_18265&search_date=29082026&expected_price_uuid=01a04d23-f784-8030-ec6e-8ef75b32b595&static_fare_key=TY%7CP0%7CH0%7CL0%7CCH0%7CR0%7CTBC0&itinerary_key=xlzONWZ0SuH0l0KLFK1xCg&expected_price_source=share&expected_price_currency=usd&expected_price=212&marker=747646,2026-11-15T12:20:00+05:00,76.0
2026-08-31T13:04:47.346648+00:00,TAS,VCE,Tashkent -> Venice,225,https://www.aviasales.com/search/TAS0811VCE1?t=5F17941254001794170400000990TASRMOVCE_8d46cbe1d5a0b64de1059cbedcc1608f_18833&search_date=25082026&expected_price_uuid=01a03ac7-1949-8030-a74c-4825f3eb7c24&static_fare_key=TY%7CP1%7CH0%7CL0%7CCH0%7CR0%7CTBC0&itinerary_key=hVQG0FLAeTrXDbKBhMpIvw&expected_price_source=share&expected_price_currency=usd&expected_price=225&marker=747646,2026-11-08T08:10:00+05:00,69.0
2026-08-31T13:04:47.346648+00:00,TAS,LON,Tashkent -> London,151,https://www.aviasales.com/search/TAS1402LON1?t=VF18026037001802702400001945TASBSZSAWSTN_15e09a608f68b4d62282dc4c63d74ca7_13011&search_date=31082026&expected_price_uuid=01a05616-c864-8040-6b74-7db4c033efc8&static_fare_key=TY%7CP0%7CH0%7CL0%7CCH0%7CR0%7CTBC0&itinerary_key=iVaWi7oCocF4jMBkJHCE8A&expected_price_source=share&expected_price_currency=usd&expected_price=151&marker=747646,2027-02-14T11:15:00+05:00,167.0
2026-08-31T13:04:47.346648+00:00,SKD,MOW,Samarkand -> Moscow,76,https://www.aviasales.com/search/SKD2207MOW1?t=HH18162396001816301700001155SKDTASVKO_9afe4afd2517c4563407b26e52972437_6497&search_date=28082026&expected_price_uuid=01a04890-d616-8030-6a05-0a90ab76f028&static_fare_key=TY%7CP1%7CH1%7CL1_1_25%7CCH0%7CR0%7CTBC1&itinerary_key=_-Lt-uL20O50LxpUclNKGw&expected_price_source=share&expected_price_currency=usd&expected_price=76&marker=747646,2027-07-22T07:00:00+05:00,325.0
2026-08-31T13:04:47.346648+00:00,MOW,IST,Moscow -> Istanbul,107,https://www.aviasales.com/search/MOW0309IST1?t=U617884404001788459300000315DMEIST_4dd45d7d26ff614c1aa73b81140c6ebc_9240&search_date=31082026&expected_price_uuid=01a057eb-b151-8030-2b8c-827d05069cf4&static_fare_key=TY%7CP1%7CH1%7CL0%7CCH1%7CR0%7CTBC0&itinerary_key=SqedY8vLUpbl8T-JTiDfEA&expected_price_source=share&expected_price_currency=usd&expected_price=107&marker=747646,2026-09-03T13:00:00+03:00,3.0
2026-08-31T13:04:47.346648+00:00,MOW,DXB,Moscow -> Dubai,181,https://www.aviasales.com/search/MOW2001DXB1?t=DP18004359001800459600000335VKODWC_ce0e3b8a2540e0dcfd47d77750b634f1_15650&search_date=31082026&expected_price_uuid=01a05730-feb8-8050-2251-e195af15e4f9&static_fare_key=TY%7CP0%7CH1%7CL0%7CCH1%7CR0%7CTBC0&itinerary_key=fH2UXwWeh0BM60GVVnwaZA&expected_price_source=share&expected_price_currency=usd&expected_price=181&marker=747646,2027-01-20T09:05:00+03:00,142.0
2026-08-31T13:04:47.346648+00:00,MOW,TAS,Moscow -> Tashkent,111,https://www.aviasales.com/search/MOW0703TAS1?t=DP18044484001804470600000250VKOTAS_cf5766c6a9fca2e6cb4d6261fc86371a_9579&search_date=31082026&expected_price_uuid=01a0576f-82a6-8050-a2f3-9d13d034f85f&static_fare_key=TY%7CP0%7CH1%7CL0%7CCH1%7CR0%7CTBC0&itinerary_key=bjxuAmR-ikZ8gyuY57SXhw&expected_price_source=share&expected_price_currency=usd&expected_price=111&marker=747646,2027-03-07T19:40:00+03:00,188.0
2026-08-31T13:04:47.346648+00:00,LON,IST,London -> Istanbul,46,https://www.aviasales.com/search/LON1410IST1?t=W917919615001791983400000245LTNIST_3388737c2a24ac25517a3b1606438c14_3926&search_date=29082026&expected_price_uuid=01a04f07-3f8f-8050-2ff7-22e8600d6dde&static_fare_key=TY%7CP1%7CH0%7CL0%7CCH0%7CR0%7CTBC0&itinerary_key=Wqrx2jlYOtyY6qJVXojV8w&expected_price_source=share&expected_price_currency=usd&expected_price=46&marker=747646,2026-10-14T07:05:00+01:00,44.0
2026-08-31T13:04:47.346648+00:00,LON,TAS,London -> Tashkent,215,https://www.aviasales.com/search/LON2901TAS1?t=W918012282001801393200002450LTNEVNTAS_d8f0939b5b81fe0bbf99b8c460b94903_18444&search_date=31082026&expected_price_uuid=01a055fc-045c-8040-a6a3-70cac4244f73&static_fare_key=TY%7CP0%7CH0%7CL0%7CCH0%7CR0%7CTBC0&itinerary_key=kSyc5YzpLaCFBBW9qxDInA&expected_price_source=share&expected_price_currency=usd&expected_price=215&marker=747646,2027-01-29T13:10:00Z,151.0
2026-08-31T13:04:47.346648+00:00,LON,DXB,London -> Dubai,90,https://www.aviasales.com/search/LON2110DXB1?t=VF17926194001792720500001505LTNTIASAWDXB_99d12f25f067ff4115aff6636aa5810e_7768&search_date=29082026&expected_price_uuid=01a04fc8-35bf-8030-644f-10beb25027c9&static_fare_key=TY%7CP1%7CH0%7CL0%7CCH0%7CR0%7CTBC0&itinerary_key=gwzbVvrSpXL_RnXWkTbvLA&expected_price_source=share&expected_price_currency=usd&expected_price=90&marker=747646,2026-10-21T21:50:00+01:00,51.0
2026-08-31T13:04:47.346648+00:00,DXB,IST,Dubai -> Istanbul,97,https://www.aviasales.com/search/SHJ0509IST1?t=PC17885838001788599100000315SHJSAW_e147b00b09d1f20ba5f68ab7e6b7b432_8384&search_date=31082026&expected_price_uuid=01a057e9-8275-8051-23e1-009829aada25&static_fare_key=TY%7CP1%7CH0%7CL0%7CCH0%7CR0%7CTBC0&itinerary_key=DE6hkpXJ2su0KLUANC4k7A&expected_price_source=share&expected_price_currency=usd&expected_price=97&marker=747646,2026-09-05T04:50:00+04:00,5.0
2026-08-31T13:04:47.346648+00:00,DXB,LON,Dubai -> London,115,https://www.aviasales.com/search/DXB0610LON1?t=VF17912559001791297600000875DXBSAWSTN_a90c493cd8e60a5ba92eedadf726875b_9841&search_date=27082026&expected_price_uuid=01a042ef-4c19-8030-ecf2-674be99dd330&static_fare_key=TY%7CP0%7CH0%7CL0%7CCH1%7CR0%7CTBC0&itinerary_key=GmO7F-G4x1YUyNWcr3kDPg&expected_price_source=share&expected_price_currency=usd&expected_price=114&marker=747646,2026-10-06T03:05:00+04:00,36.0
2026-08-31T13:04:47.346648+00:00,DXB,BKK,Dubai -> Bangkok,138,https://www.aviasales.com/search/SHJ0509BKK1?t=AI17886279001788726300001460SHJATQDELBKK_518ee4aa35a45b515cf17268a80dc353_11864&search_date=31082026&expected_price_uuid=01a0564d-bddb-8051-27f8-ced4f560405c&static_fare_key=TY%7CP1%7CH1%7CL1_1_25%7CCH1%7CR1%7CTBC1&itinerary_key=VWNaESZqEyp0lthFo-Vdeg&expected_price_source=share&expected_price_currency=usd&expected_price=138&marker=747646,2026-09-05T17:05:00+04:00,5.0
2026-08-31T13:16:52.347348+00:00,TAS,IST,Tashkent -> Istanbul,165,https://www.aviasales.com/search/TAS0209IST1?t=C617883510001788363900000335TASIST_cccd4bc04205948e76426c651314c695_14325&search_date=31082026&expected_price_uuid=01a057f0-f0ec-8030-a767-37ec6401809b&static_fare_key=TY%7CP0%7CH0%7CL1_2_0%7CCH0%7CR0%7CTBC1&itinerary_key=h6hCiUGjYAZIcjId7nuvfg&expected_price_source=share&expected_price_currency=usd&expected_price=165&marker=747646,2026-09-02T12:10:00+05:00,2.0
2026-08-31T13:16:52.347348+00:00,TAS,DXB,Tashkent -> Dubai,134,https://www.aviasales.com/search/TAS1010SHJ1?t=G917916027001791611700000210TASSHJ_153dbc6104029cec3dfe257126ae1daf_11589&search_date=31082026&expected_price_uuid=01a05744-c75a-8050-a8d3-464876af278d&static_fare_key=TY%7CP1%7CH1%7CL0%7CCH1%7CR0%7CTBC0&itinerary_key=IRE3lxaQa9d4J22ZALr1cg&expected_price_source=share&expected_price_currency=usd&expected_price=134&marker=747646,2026-10-10T03:25:00+05:00,40.0
2026-08-31T13:16:52.347348+00:00,TAS,ICN,Tashkent -> Seoul,235,https://www.aviasales.com/search/TAS0503ICN1?t=HH18042816001804320000000400TASICN_cc554835eebc37eb85ccb09cf9d75930_20159&search_date=27082026&expected_price_uuid=01a04577-bd2e-8051-2f60-1793d4d0d76d&static_fare_key=TY%7CP1%7CH1%7CL0%7CCH1%7CR0%7CTBC0&itinerary_key=VR27uDKawvF2Hpj8OaLKzQ&destination_airports=0&expected_price_source=share&expected_price_currency=usd&expected_price=235&marker=747646,2027-03-05T21:20:00+05:00,186.0
2026-08-31T13:16:52.347348+00:00,TAS,BKK,Tashkent -> Bangkok,207,https://www.aviasales.com/search/TAS0110BKK1?t=C617908857001790917200000405TASBKK_d719b11fc3811132f94266edeb3f0cfc_17925&search_date=31082026&expected_price_uuid=01a05795-06e6-8030-a53c-b2f742604255&static_fare_key=TY%7CP1%7CH1%7CL0%7CCH0%7CR0%7CTBC0&itinerary_key=yw96POh7r7hpKXU6BByHmw&expected_price_source=share&expected_price_currency=usd&expected_price=207&marker=747646,2026-10-01T20:15:00+05:00,31.0
2026-08-31T13:16:52.347348+00:00,TAS,BCN,Tashkent -> Barcelona,212,https://www.aviasales.com/search/TAS1511BCN1?t=W417947452001794831900001685TASEVNMXPBCN_4efcfc512b6365461a4197b8b426cb95_18265&search_date=29082026&expected_price_uuid=01a04d23-f784-8030-ec6e-8ef75b32b595&static_fare_key=TY%7CP0%7CH0%7CL0%7CCH0%7CR0%7CTBC0&itinerary_key=xlzONWZ0SuH0l0KLFK1xCg&expected_price_source=share&expected_price_currency=usd&expected_price=212&marker=747646,2026-11-15T12:20:00+05:00,76.0
2026-08-31T13:16:52.347348+00:00,TAS,VCE,Tashkent -> Venice,225,https://www.aviasales.com/search/TAS0811VCE1?t=5F17941254001794170400000990TASRMOVCE_8d46cbe1d5a0b64de1059cbedcc1608f_18833&search_date=25082026&expected_price_uuid=01a03ac7-1949-8030-a74c-4825f3eb7c24&static_fare_key=TY%7CP1%7CH0%7CL0%7CCH0%7CR0%7CTBC0&itinerary_key=hVQG0FLAeTrXDbKBhMpIvw&expected_price_source=share&expected_price_currency=usd&expected_price=225&marker=747646,2026-11-08T08:10:00+05:00,69.0
2026-08-31T13:16:52.347348+00:00,TAS,LON,Tashkent -> London,151,https://www.aviasales.com/search/TAS1402LON1?t=VF18026037001802702400001945TASBSZSAWSTN_15e09a608f68b4d62282dc4c63d74ca7_13011&search_date=31082026&expected_price_uuid=01a05616-c864-8040-6b74-7db4c033efc8&static_fare_key=TY%7CP0%7CH0%7CL0%7CCH0%7CR0%7CTBC0&itinerary_key=iVaWi7oCocF4jMBkJHCE8A&expected_price_source=share&expected_price_currency=usd&expected_price=151&marker=747646,2027-02-14T11:15:00+05:00,167.0
2026-08-31T13:16:52.347348+00:00,SKD,MOW,Samarkand -> Moscow,76,https://www.aviasales.com/search/SKD2207MOW1?t=HH18162396001816301700001155SKDTASVKO_9afe4afd2517c4563407b26e52972437_6497&search_date=28082026&expected_price_uuid=01a04890-d616-8030-6a05-0a90ab76f028&static_fare_key=TY%7CP1%7CH1%7CL1_1_25%7CCH0%7CR0%7CTBC1&itinerary_key=_-Lt-uL20O50LxpUclNKGw&expected_price_source=share&expected_price_currency=usd&expected_price=76&marker=747646,2027-07-22T07:00:00+05:00,325.0
2026-08-31T13:16:52.347348+00:00,MOW,IST,Moscow -> Istanbul,107,https://www.aviasales.com/search/MOW0309IST1?t=U617884404001788459300000315DMEIST_4dd45d7d26ff614c1aa73b81140c6ebc_9240&search_date=31082026&expected_price_uuid=01a057f4-9b9d-8030-a8c6-1a49bb822b35&static_fare_key=TY%7CP1%7CH1%7CL0%7CCH1%7CR0%7CTBC0&itinerary_key=SqedY8vLUpbl8T-JTiDfEA&expected_price_source=share&expected_price_currency=usd&expected_price=107&marker=747646,2026-09-03T13:00:00+03:00,3.0
2026-08-31T13:16:52.347348+00:00,MOW,DXB,Moscow -> Dubai,181,https://www.aviasales.com/search/MOW2001DXB1?t=DP18004359001800459600000335VKODWC_ce0e3b8a2540e0dcfd47d77750b634f1_15650&search_date=31082026&expected_price_uuid=01a05730-feb8-8050-2251-e195af15e4f9&static_fare_key=TY%7CP0%7CH1%7CL0%7CCH1%7CR0%7CTBC0&itinerary_key=fH2UXwWeh0BM60GVVnwaZA&expected_price_source=share&expected_price_currency=usd&expected_price=181&marker=747646,2027-01-20T09:05:00+03:00,142.0
2026-08-31T13:16:52.347348+00:00,MOW,TAS,Moscow -> Tashkent,111,https://www.aviasales.com/search/MOW0703TAS1?t=DP18044484001804470600000250VKOTAS_cf5766c6a9fca2e6cb4d6261fc86371a_9579&search_date=31082026&expected_price_uuid=01a0576f-82a6-8050-a2f3-9d13d034f85f&static_fare_key=TY%7CP0%7CH1%7CL0%7CCH1%7CR0%7CTBC0&itinerary_key=bjxuAmR-ikZ8gyuY57SXhw&expected_price_source=share&expected_price_currency=usd&expected_price=111&marker=747646,2027-03-07T19:40:00+03:00,188.0
2026-08-31T13:16:52.347348+00:00,LON,IST,London -> Istanbul,46,https://www.aviasales.com/search/LON1410IST1?t=W917919615001791983400000245LTNIST_3388737c2a24ac25517a3b1606438c14_3926&search_date=29082026&expected_price_uuid=01a04f07-3f8f-8050-2ff7-22e8600d6dde&static_fare_key=TY%7CP1%7CH0%7CL0%7CCH0%7CR0%7CTBC0&itinerary_key=Wqrx2jlYOtyY6qJVXojV8w&expected_price_source=share&expected_price_currency=usd&expected_price=46&marker=747646,2026-10-14T07:05:00+01:00,44.0
2026-08-31T13:16:52.347348+00:00,LON,TAS,London -> Tashkent,215,https://www.aviasales.com/search/LON2901TAS1?t=W918012282001801393200002450LTNEVNTAS_d8f0939b5b81fe0bbf99b8c460b94903_18444&search_date=31082026&expected_price_uuid=01a055fc-045c-8040-a6a3-70cac4244f73&static_fare_key=TY%7CP0%7CH0%7CL0%7CCH0%7CR0%7CTBC0&itinerary_key=kSyc5YzpLaCFBBW9qxDInA&expected_price_source=share&expected_price_currency=usd&expected_price=215&marker=747646,2027-01-29T13:10:00Z,151.0
2026-08-31T13:16:52.347348+00:00,LON,DXB,London -> Dubai,90,https://www.aviasales.com/search/LON2110DXB1?t=VF17926194001792720500001505LTNTIASAWDXB_99d12f25f067ff4115aff6636aa5810e_7768&search_date=29082026&expected_price_uuid=01a04fc8-35bf-8030-644f-10beb25027c9&static_fare_key=TY%7CP1%7CH0%7CL0%7CCH0%7CR0%7CTBC0&itinerary_key=gwzbVvrSpXL_RnXWkTbvLA&expected_price_source=share&expected_price_currency=usd&expected_price=90&marker=747646,2026-10-21T21:50:00+01:00,51.0
2026-08-31T13:16:52.347348+00:00,DXB,IST,Dubai -> Istanbul,97,https://www.aviasales.com/search/SHJ0509IST1?t=PC17885838001788599100000315SHJSAW_e147b00b09d1f20ba5f68ab7e6b7b432_8384&search_date=31082026&expected_price_uuid=01a057e9-8275-8051-23e1-009829aada25&static_fare_key=TY%7CP1%7CH0%7CL0%7CCH0%7CR0%7CTBC0&itinerary_key=DE6hkpXJ2su0KLUANC4k7A&expected_price_source=share&expected_price_currency=usd&expected_price=97&marker=747646,2026-09-05T04:50:00+04:00,5.0
2026-08-31T13:16:52.347348+00:00,DXB,LON,Dubai -> London,115,https://www.aviasales.com/search/DXB0610LON1?t=VF17912559001791297600000875DXBSAWSTN_a90c493cd8e60a5ba92eedadf726875b_9841&search_date=27082026&expected_price_uuid=01a042ef-4c19-8030-ecf2-674be99dd330&static_fare_key=TY%7CP0%7CH0%7CL0%7CCH1%7CR0%7CTBC0&itinerary_key=GmO7F-G4x1YUyNWcr3kDPg&expected_price_source=share&expected_price_currency=usd&expected_price=114&marker=747646,2026-10-06T03:05:00+04:00,36.0
2026-08-31T13:16:52.347348+00:00,DXB,BKK,Dubai -> Bangkok,138,https://www.aviasales.com/search/SHJ0509BKK1?t=AI17886279001788726300001460SHJATQDELBKK_518ee4aa35a45b515cf17268a80dc353_11864&search_date=31082026&expected_price_uuid=01a0564d-bddb-8051-27f8-ced4f560405c&static_fare_key=TY%7CP1%7CH1%7CL1_1_25%7CCH1%7CR1%7CTBC1&itinerary_key=VWNaESZqEyp0lthFo-Vdeg&expected_price_source=share&expected_price_currency=usd&expected_price=138&marker=747646,2026-09-05T17:05:00+04:00,5.0
2026-08-31T19:22:59.614407+00:00,TAS,IST,Tashkent -> Istanbul,166,https://www.aviasales.com/search/TAS1505IST1?t=HH18103902001810402800000330TASIST_4170f9ccc72f3962fdb53fc2c2d4e856_14321&search_date=31082026&expected_price_uuid=01a0586b-eefe-8030-2875-802879d0165f&static_fare_key=TY%7CP1%7CH0%7CL0%7CCH0%7CR0%7CTBC0&itinerary_key=AUGatg1E0Ev3Zymi0T_-rw&expected_price_source=share&expected_price_currency=usd&expected_price=166&marker=747646,2027-05-15T14:10:00+05:00,257.0
2026-08-31T19:22:59.614407+00:00,TAS,DXB,Tashkent -> Dubai,134,https://www.aviasales.com/search/TAS1010SHJ1?t=G917916027001791611700000210TASSHJ_153dbc6104029cec3dfe257126ae1daf_11589&search_date=31082026&expected_price_uuid=01a05744-c75a-8050-a8d3-464876af278d&static_fare_key=TY%7CP1%7CH1%7CL0%7CCH1%7CR0%7CTBC0&itinerary_key=IRE3lxaQa9d4J22ZALr1cg&expected_price_source=share&expected_price_currency=usd&expected_price=134&marker=747646,2026-10-10T03:25:00+05:00,40.0
2026-08-31T19:22:59.614407+00:00,TAS,ICN,Tashkent -> Seoul,235,https://www.aviasales.com/search/TAS0503ICN1?t=HH18042816001804320000000400TASICN_cc554835eebc37eb85ccb09cf9d75930_20159&search_date=27082026&expected_price_uuid=01a04577-bd2e-8051-2f60-1793d4d0d76d&static_fare_key=TY%7CP1%7CH1%7CL0%7CCH1%7CR0%7CTBC0&itinerary_key=VR27uDKawvF2Hpj8OaLKzQ&destination_airports=0&expected_price_source=share&expected_price_currency=usd&expected_price=235&marker=747646,2027-03-05T21:20:00+05:00,186.0
2026-08-31T19:22:59.614407+00:00,TAS,BKK,Tashkent -> Bangkok,208,https://www.aviasales.com/search/TAS0110BKK1?t=C617908857001790917200000405TASBKK_d719b11fc3811132f94266edeb3f0cfc_17975&search_date=31082026&expected_price_uuid=01a05942-e86f-8050-a255-1a80e893f8fe&static_fare_key=TY%7CP1%7CH1%7CL0%7CCH0%7CR0%7CTBC0&itinerary_key=yw96POh7r7hpKXU6BByHmw&expected_price_source=share&expected_price_currency=usd&expected_price=208&marker=747646,2026-10-01T20:15:00+05:00,31.0
2026-08-31T19:22:59.614407+00:00,TAS,BCN,Tashkent -> Barcelona,212,https://www.aviasales.com/search/TAS1511BCN1?t=W417947452001794831900001685TASEVNMXPBCN_4efcfc512b6365461a4197b8b426cb95_18265&search_date=29082026&expected_price_uuid=01a04d23-f784-8030-ec6e-8ef75b32b595&static_fare_key=TY%7CP0%7CH0%7CL0%7CCH0%7CR0%7CTBC0&itinerary_key=xlzONWZ0SuH0l0KLFK1xCg&expected_price_source=share&expected_price_currency=usd&expected_price=212&marker=747646,2026-11-15T12:20:00+05:00,76.0
2026-08-31T19:22:59.614407+00:00,TAS,VCE,Tashkent -> Venice,219,https://www.aviasales.com/search/TAS0410VCE1?t=W417911164001791162600000950TASEVNVCE_6d6e319aa3454c06afeb4bb54cefbb9f_18928&search_date=31082026&expected_price_uuid=01a058a3-30bc-8030-2a96-aa4b37a9e562&static_fare_key=TY%7CP1%7CH0%7CL0%7CCH0%7CR0%7CTBC0&itinerary_key=vvglQwxIsOkmjYzv1zWHow&expected_price_source=share&expected_price_currency=usd&expected_price=219&marker=747646,2026-10-04T12:20:00+05:00,34.0
2026-08-31T19:22:59.614407+00:00,TAS,LON,Tashkent -> London,151,https://www.aviasales.com/search/TAS1402LON1?t=VF18026037001802702400001945TASBSZSAWSTN_15e09a608f68b4d62282dc4c63d74ca7_13011&search_date=31082026&expected_price_uuid=01a05616-c864-8040-6b74-7db4c033efc8&static_fare_key=TY%7CP0%7CH0%7CL0%7CCH0%7CR0%7CTBC0&itinerary_key=iVaWi7oCocF4jMBkJHCE8A&expected_price_source=share&expected_price_currency=usd&expected_price=151&marker=747646,2027-02-14T11:15:00+05:00,167.0
2026-08-31T19:22:59.614407+00:00,SKD,MOW,Samarkand -> Moscow,77,https://www.aviasales.com/search/SKD2207MOW1?t=HH18162396001816259400000450SKDTASVKO_9ea2b8d01d99ec2de745edef2bb4960a_6675&search_date=31082026&expected_price_uuid=01a058f0-fdd7-8030-a5f4-1a5a69c9298f&static_fare_key=TY%7CP1%7CH1%7CL1_1_23%7CCH0%7CR0%7CTBC1&itinerary_key=CmkQbLiDvP7uZz2ZbRg38Q&expected_price_source=share&expected_price_currency=usd&expected_price=77&marker=747646,2027-07-22T07:00:00+05:00,325.0
2026-08-31T19:22:59.614407+00:00,MOW,IST,Moscow -> Istanbul,111,https://www.aviasales.com/search/MOW0109IST1?t=DP17882454001788264300000315VKOIST_2c838dd75a1f839e3065add3f5cb7b5f_9620&search_date=31082026&expected_price_uuid=01a05942-18f0-8050-a49d-a189145d26c8&static_fare_key=TY%7CP0%7CH1%7CL0%7CCH1%7CR0%7CTBC0&itinerary_key=Og-xNPrt1RAxotk1TZVnZA&expected_price_source=share&expected_price_currency=usd&expected_price=111&marker=747646,2026-09-01T06:50:00+03:00,1.0
2026-08-31T19:22:59.614407+00:00,MOW,DXB,Moscow -> Dubai,181,https://www.aviasales.com/search/MOW1112DXB1?t=DP17969799001797003600000335VKODWC_cb9c1e3db1eac0a0d81267dd650a7083_15660&search_date=31082026&expected_price_uuid=01a05944-92e3-8050-211c-5ce0f46d05c0&static_fare_key=TY%7CP0%7CH1%7CL0%7CCH1%7CR0%7CTBC0&itinerary_key=fH2UXwWeh0BM60GVVnwaZA&expected_price_source=share&expected_price_currency=usd&expected_price=181&marker=747646,2026-12-11T09:05:00+03:00,102.0
2026-08-31T19:22:59.614407+00:00,MOW,TAS,Moscow -> Tashkent,112,https://www.aviasales.com/search/MOW0602TAS1?t=DP18019428001801965000000250VKOTAS_6cf6aa7e467b4d4aa85a2997f56024cc_9638&search_date=31082026&expected_price_uuid=01a05898-6891-8051-2b54-2172dc0af064&static_fare_key=TY%7CP0%7CH1%7CL0%7CCH1%7CR0%7CTBC0&itinerary_key=bjxuAmR-ikZ8gyuY57SXhw&expected_price_source=share&expected_price_currency=usd&expected_price=112&marker=747646,2027-02-06T19:40:00+03:00,159.0
2026-08-31T19:22:59.614407+00:00,LON,IST,London -> Istanbul,60,https://www.aviasales.com/search/LON1410IST1?t=W917919615001791983400000245LTNIST_3388737c2a24ac25517a3b1606438c14_5136&search_date=31082026&expected_price_uuid=01a0593c-afe7-8050-a529-c0da33f63089&static_fare_key=TY%7CP1%7CH0%7CL0%7CCH0%7CR0%7CTBC0&itinerary_key=Wqrx2jlYOtyY6qJVXojV8w&expected_price_source=share&expected_price_currency=usd&expected_price=60&marker=747646,2026-10-14T07:05:00+01:00,44.0
2026-08-31T19:22:59.614407+00:00,LON,TAS,London -> Tashkent,215,https://www.aviasales.com/search/LON2901TAS1?t=W918012282001801393200002450LTNEVNTAS_d8f0939b5b81fe0bbf99b8c460b94903_18444&search_date=31082026&expected_price_uuid=01a055fc-045c-8040-a6a3-70cac4244f73&static_fare_key=TY%7CP0%7CH0%7CL0%7CCH0%7CR0%7CTBC0&itinerary_key=kSyc5YzpLaCFBBW9qxDInA&expected_price_source=share&expected_price_currency=usd&expected_price=215&marker=747646,2027-01-29T13:10:00Z,151.0
2026-08-31T19:22:59.614407+00:00,LON,DXB,London -> Dubai,91,https://www.aviasales.com/search/LON2010DXB1?t=VF17925330001792634100001505LTNTIASAWDXB_51ce2d429cceae5421d34be9ad331a2f_7812&search_date=30082026&expected_price_uuid=01a051a7-337c-8050-2c51-b45e3173cf4b&static_fare_key=TY%7CP1%7CH0%7CL0%7CCH0%7CR0%7CTBC0&itinerary_key=gwzbVvrSpXL_RnXWkTbvLA&expected_price_source=share&expected_price_currency=usd&expected_price=91&marker=747646,2026-10-20T21:50:00+01:00,50.0
2026-08-31T19:22:59.614407+00:00,DXB,IST,Dubai -> Istanbul,97,https://www.aviasales.com/search/SHJ1309IST1?t=PC17892750001789290300000315SHJSAW_1588b6c9cea69d26fa3e2e6b7683544e_8384&search_date=31082026&expected_price_uuid=01a05808-1969-8050-29db-740b1d5afe33&static_fare_key=TY%7CP1%7CH0%7CL0%7CCH0%7CR0%7CTBC0&itinerary_key=DE6hkpXJ2su0KLUANC4k7A&expected_price_source=share&expected_price_currency=usd&expected_price=97&marker=747646,2026-09-13T04:50:00+04:00,13.0
2026-08-31T19:22:59.614407+00:00,DXB,LON,Dubai -> London,115,https://www.aviasales.com/search/DXB0610LON1?t=VF17912559001791297600000875DXBSAWSTN_a90c493cd8e60a5ba92eedadf726875b_9841&search_date=27082026&expected_price_uuid=01a042ef-4c19-8030-ecf2-674be99dd330&static_fare_key=TY%7CP0%7CH0%7CL0%7CCH1%7CR0%7CTBC0&itinerary_key=GmO7F-G4x1YUyNWcr3kDPg&expected_price_source=share&expected_price_currency=usd&expected_price=114&marker=747646,2026-10-06T03:05:00+04:00,36.0
2026-08-31T19:22:59.614407+00:00,DXB,BKK,Dubai -> Bangkok,138,https://www.aviasales.com/search/SHJ0509BKK1?t=AI17886279001788726300001460SHJATQDELBKK_518ee4aa35a45b515cf17268a80dc353_11864&search_date=31082026&expected_price_uuid=01a0564d-bddb-8051-27f8-ced4f560405c&static_fare_key=TY%7CP1%7CH1%7CL1_1_25%7CCH1%7CR1%7CTBC1&itinerary_key=VWNaESZqEyp0lthFo-Vdeg&expected_price_source=share&expected_price_currency=usd&expected_price=138&marker=747646,2026-09-05T17:05:00+04:00,5.0
